Id,Cluster,MntTotal,Income,Recency,Prob_Churn_Valioso_Modelo,Riesgo_Churn
2281,1.0,28,33697.0,34,0.0,Bajo
10634,0.0,406,59412.0,56,0.0,Bajo
3409,3.0,339,36108.0,68,0.0,Bajo
7828,0.0,818,77882.0,29,0.0,Bajo
2350,2.0,1027,59666.0,87,0.98,Alto
3790,1.0,15,34633.0,31,0.0,Bajo
6445,0.0,858,66825.0,73,0.0,Bajo
10307,2.0,525,50387.0,91,0.93,Alto
10525,3.0,27,26576.0,40,0.0,Bajo
5077,2.0,969,77298.0,46,0.0,Bajo
2541,3.0,48,24027.0,7,0.0,Bajo
7881,0.0,1033,66835.0,21,0.0,Bajo
455,3.0,209,51012.0,86,0.0,Bajo
24,3.0,47,17144.0,96,0.0,Bajo
6866,1.0,34,35924.0,56,0.0,Bajo
4418,0.0,1644,89616.0,36,0.0,Bajo
9365,2.0,1277,60000.0,57,0.0,Bajo
7235,1.0,38,17003.0,37,0.0,Bajo
4201,2.0,468,57967.0,39,0.0,Bajo
1676,2.0,266,43057.0,30,0.0,Bajo
7274,0.0,2153,78618.0,87,0.95,Alto
6357,2.0,491,59052.0,29,0.0,Bajo
11181,0.0,8,156924.0,85,0.01,Bajo
5154,1.0,54,37760.0,54,0.0,Bajo
2986,1.0,20,30772.0,89,0.0,Bajo
10704,2.0,693,54803.0,65,0.0,Bajo
5832,0.0,1263,92556.0,32,0.01,Bajo
966,2.0,691,44529.0,98,0.77,Alto
9449,2.0,605,79761.0,32,0.0,Bajo
8629,1.0,41,46984.0,71,0.0,Bajo
7937,3.0,58,24711.0,86,0.0,Bajo
3112,1.0,24,22701.0,2,0.0,Bajo
8230,1.0,71,33228.0,28,0.0,Bajo
5341,2.0,1588,81975.0,2,0.0,Bajo
9958,2.0,769,65685.0,54,0.0,Bajo
10069,3.0,58,13724.0,43,0.0,Bajo
810,2.0,641,74190.0,49,0.0,Bajo
6203,0.0,1734,74485.0,58,0.0,Bajo
375,0.0,1156,76773.0,79,0.01,Bajo
955,3.0,240,47175.0,81,0.01,Bajo
4324,3.0,684,42387.0,42,0.0,Bajo
4093,2.0,436,53253.0,61,0.01,Bajo
7230,2.0,493,50611.0,98,0.96,Alto
6941,3.0,95,31632.0,92,0.0,Bajo
10617,1.0,30,10979.0,34,0.0,Bajo
4356,2.0,1574,71819.0,70,0.0,Bajo
2428,1.0,78,28164.0,23,0.0,Bajo
6710,1.0,103,58217.0,84,0.0,Bajo
8895,0.0,968,70596.0,68,0.0,Bajo
5621,3.0,316,48752.0,8,0.0,Bajo
1915,0.0,1507,78939.0,57,0.0,Bajo
2804,3.0,120,46098.0,86,0.0,Bajo
7192,0.0,545,65748.0,58,0.0,Bajo
11121,3.0,70,19419.0,76,0.0,Bajo
4587,1.0,266,45006.0,90,0.0,Bajo
1655,1.0,48,34350.0,81,0.0,Bajo
10790,1.0,21,18169.0,40,0.0,Bajo
5955,0.0,1932,72025.0,27,0.0,Bajo
4065,1.0,404,49544.0,0,0.04,Bajo
1517,1.0,51,30822.0,92,0.0,Bajo
4712,1.0,82,20193.0,18,0.0,Bajo
3129,1.0,45,30096.0,30,0.0,Bajo
10277,1.0,42,30081.0,27,0.0,Bajo
10629,,109,,25,0.0,Bajo
10669,2.0,470,54386.0,8,0.03,Bajo
4646,0.0,978,78497.0,44,0.0,Bajo
1891,0.0,1754,78789.0,12,0.0,Bajo
7224,1.0,31,31353.0,24,0.0,Bajo
1992,2.0,893,60597.0,2,0.01,Bajo
11031,1.0,40,48699.0,90,0.01,Bajo
3225,3.0,265,42207.0,71,0.0,Bajo
4547,1.0,25,13672.0,86,0.0,Bajo
4198,1.0,25,29672.0,6,0.0,Bajo
4653,3.0,189,42011.0,46,0.0,Bajo
7381,2.0,1442,75693.0,10,0.0,Bajo
6516,1.0,18,17487.0,37,0.0,Bajo
9905,3.0,255,34074.0,69,0.0,Bajo
697,0.0,2047,74918.0,78,0.01,Bajo
3673,2.0,779,55239.0,59,0.0,Bajo
5123,3.0,143,27450.0,57,0.0,Bajo
2285,2.0,335,36634.0,0,0.0,Bajo
11075,2.0,270,51267.0,37,0.0,Bajo
6507,1.0,56,30828.0,16,0.0,Bajo
3197,2.0,670,77353.0,38,0.0,Bajo
7101,2.0,1198,52278.0,24,0.0,Bajo
4785,2.0,714,77622.0,3,0.0,Bajo
3340,3.0,436,42014.0,56,0.0,Bajo
339,2.0,496,57091.0,82,0.03,Bajo
5989,2.0,1576,78353.0,51,0.01,Bajo
1048,3.0,178,35641.0,11,0.0,Bajo
1627,0.0,789,77297.0,84,0.95,Alto
6991,2.0,637,43185.0,88,0.67,Medio
2245,1.0,139,43641.0,50,0.0,Bajo
153,1.0,46,23272.0,29,0.0,Bajo
5544,2.0,1490,67384.0,32,0.0,Bajo
9483,2.0,637,57957.0,24,0.0,Bajo
7414,3.0,186,43824.0,18,0.0,Bajo
11071,0.0,1923,79607.0,37,0.0,Bajo
523,1.0,74,37155.0,51,0.0,Bajo
7196,1.0,13,41145.0,20,0.0,Bajo
4114,0.0,1693,79143.0,2,0.0,Bajo
5824,1.0,8,34578.0,1,0.0,Bajo
3565,3.0,72,38452.0,62,0.0,Bajo
9010,0.0,2346,83151.0,80,0.02,Bajo
6977,2.0,1921,75702.0,87,0.98,Alto
10341,1.0,222,51315.0,45,0.0,Bajo
10812,1.0,90,46377.0,89,0.02,Bajo
5046,2.0,1638,78331.0,97,0.99,Alto
8132,2.0,661,60631.0,88,0.94,Alto
8923,0.0,1587,83917.0,12,0.0,Bajo
263,3.0,145,45576.0,9,0.0,Bajo
10413,0.0,1089,72570.0,67,0.0,Bajo
9384,2.0,606,66373.0,57,0.0,Bajo
5871,3.0,467,24401.0,98,0.74,Medio
4973,1.0,25,20587.0,39,0.0,Bajo
4472,1.0,57,35682.0,34,0.0,Bajo
3104,0.0,2006,82332.0,89,0.98,Alto
257,2.0,1215,75032.0,74,0.0,Bajo
5043,3.0,434,26997.0,89,0.17,Bajo
8541,1.0,41,24683.0,98,0.0,Bajo
10099,2.0,882,55434.0,21,0.0,Bajo
450,2.0,270,42315.0,90,0.0,Bajo
5207,2.0,793,53378.0,41,0.01,Bajo
9799,2.0,1173,83664.0,57,0.0,Bajo
10232,2.0,331,48799.0,9,0.0,Bajo
7631,0.0,989,61346.0,34,0.0,Bajo
9291,1.0,15,34242.0,25,0.0,Bajo
1092,2.0,1147,61014.0,17,0.0,Bajo
35,3.0,210,25545.0,35,0.0,Bajo
5185,0.0,892,74268.0,83,0.81,Alto
9847,2.0,587,62972.0,39,0.0,Bajo
2694,1.0,24,42664.0,44,0.0,Bajo
9797,2.0,443,58116.0,38,0.0,Bajo
9491,3.0,66,23976.0,68,0.0,Bajo
11100,1.0,63,51813.0,37,0.0,Bajo
5049,3.0,46,30351.0,19,0.0,Bajo
10492,1.0,10,38285.0,96,0.0,Bajo
9239,2.0,126,61923.0,94,0.01,Bajo
5558,0.0,1685,90933.0,90,0.94,Alto
9964,2.0,424,61825.0,56,0.0,Bajo
2831,0.0,1179,78416.0,99,0.93,Alto
9595,0.0,1574,64260.0,1,0.0,Bajo
9140,1.0,91,50523.0,89,0.0,Bajo
2929,1.0,137,20180.0,27,0.0,Bajo
4992,3.0,69,17459.0,12,0.0,Bajo
7453,2.0,488,36130.0,46,0.0,Bajo
7627,0.0,2086,92163.0,25,0.0,Bajo
3968,2.0,1199,65706.0,77,0.01,Bajo
7532,3.0,132,43586.0,26,0.0,Bajo
9076,3.0,185,30732.0,44,0.0,Bajo
3910,0.0,1862,83829.0,78,0.01,Bajo
3711,0.0,1902,80184.0,19,0.0,Bajo
1170,3.0,244,27573.0,45,0.0,Bajo
9392,1.0,17,26954.0,17,0.0,Bajo
948,3.0,41,10245.0,32,0.0,Bajo
10643,2.0,653,42000.0,23,0.0,Bajo
8890,2.0,272,65808.0,1,0.0,Bajo
3267,2.0,608,57288.0,27,0.01,Bajo
9579,3.0,106,33762.0,61,0.0,Bajo
3969,2.0,133,43018.0,46,0.0,Bajo
4107,2.0,425,46681.0,52,0.0,Bajo
6605,2.0,682,55614.0,85,0.97,Alto
1065,0.0,1918,80695.0,85,0.96,Alto
7297,3.0,57,7500.0,54,0.0,Bajo
10664,2.0,467,51529.0,14,0.0,Bajo
1378,2.0,694,50334.0,24,0.0,Bajo
295,0.0,1157,81217.0,77,0.0,Bajo
9135,3.0,64,27203.0,92,0.01,Bajo
5121,2.0,761,56628.0,30,0.0,Bajo
4099,1.0,62,30675.0,14,0.0,Bajo
4002,2.0,1123,77037.0,3,0.0,Bajo
2968,0.0,902,48948.0,53,0.0,Bajo
4037,1.0,20,31859.0,77,0.0,Bajo
6201,1.0,49,38643.0,45,0.0,Bajo
3595,0.0,1138,77226.0,29,0.0,Bajo
11191,1.0,139,41411.0,11,0.0,Bajo
905,3.0,84,21846.0,38,0.0,Bajo
10882,2.0,915,53858.0,50,0.0,Bajo
2961,3.0,382,42081.0,86,0.34,Bajo
1523,1.0,96,59041.0,25,0.0,Bajo
7516,1.0,45,30096.0,30,0.0,Bajo
5675,2.0,493,50611.0,98,0.96,Alto
6131,2.0,431,70829.0,87,0.92,Alto
6097,3.0,561,50664.0,64,0.0,Bajo
5184,1.0,23,34824.0,65,0.0,Bajo
6853,0.0,1438,75777.0,12,0.0,Bajo
7352,2.0,405,55267.0,28,0.0,Bajo
821,0.0,2077,92859.0,46,0.0,Bajo
3661,0.0,1435,80617.0,42,0.0,Bajo
3050,1.0,235,54198.0,13,0.0,Bajo
5956,3.0,284,45072.0,74,0.0,Bajo
4415,1.0,38,16860.0,19,0.0,Bajo
6347,1.0,36,15862.0,26,0.0,Bajo
2930,0.0,1281,68092.0,7,0.02,Bajo
569,0.0,1991,90273.0,32,0.01,Bajo
8969,2.0,1141,71855.0,59,0.0,Bajo
5346,3.0,79,23559.0,87,0.0,Bajo
6310,1.0,78,33039.0,4,0.0,Bajo
1490,2.0,854,55759.0,84,0.96,Alto
3769,,42,,17,0.0,Bajo
11007,1.0,34,29187.0,43,0.0,Bajo
8722,0.0,1853,82347.0,38,0.01,Bajo
3767,2.0,1008,61314.0,1,0.0,Bajo
7444,1.0,30,42169.0,20,0.0,Bajo
10524,0.0,795,49476.0,29,0.0,Bajo
5491,2.0,319,47352.0,70,0.01,Bajo
4459,1.0,37,30279.0,13,0.0,Bajo
5519,2.0,797,64090.0,8,0.0,Bajo
7476,2.0,1269,63972.0,93,0.99,Alto
5015,3.0,162,34529.0,94,0.0,Bajo
10390,1.0,30,26887.0,27,0.0,Bajo
6116,1.0,75,48985.0,13,0.0,Bajo
954,1.0,102,22123.0,77,0.0,Bajo
1183,1.0,22,36408.0,11,0.0,Bajo
231,1.0,32,28839.0,86,0.0,Bajo
10157,2.0,274,59686.0,78,0.0,Bajo
5909,2.0,1171,58512.0,25,0.0,Bajo
10478,3.0,633,55517.0,53,0.0,Bajo
7495,1.0,156,56223.0,72,0.0,Bajo
6515,1.0,50,39771.0,92,0.0,Bajo
6071,0.0,1157,81217.0,77,0.0,Bajo
2937,2.0,871,68352.0,47,0.0,Bajo
3439,3.0,296,56721.0,64,0.0,Bajo
5987,1.0,43,10404.0,52,0.0,Bajo
4947,0.0,2059,89572.0,44,0.01,Bajo
7987,2.0,460,65747.0,96,0.79,Alto
10767,0.0,1346,77845.0,40,0.0,Bajo
2829,2.0,731,65210.0,25,0.0,Bajo
4370,1.0,88,43482.0,83,0.0,Bajo
4676,2.0,1695,73705.0,86,0.96,Alto
203,0.0,2089,81169.0,47,0.02,Bajo
965,2.0,590,55635.0,34,0.0,Bajo
4964,0.0,1158,74250.0,90,0.99,Alto
9977,2.0,734,78901.0,99,0.97,Alto
8955,1.0,49,40451.0,54,0.0,Bajo
798,1.0,27,23442.0,71,0.0,Bajo
4603,2.0,656,65695.0,50,0.0,Bajo
6749,2.0,1722,86358.0,78,0.02,Bajo
2802,0.0,961,87000.0,61,0.01,Bajo
9235,,18,,45,0.0,Bajo
7141,3.0,213,21888.0,15,0.0,Bajo
895,2.0,594,61467.0,69,0.01,Bajo
6260,0.0,1957,82384.0,55,0.0,Bajo
7723,0.0,1440,75507.0,56,0.0,Bajo
7247,2.0,606,47916.0,72,0.01,Bajo
961,2.0,860,74716.0,92,0.99,Alto
1456,2.0,1180,60474.0,25,0.0,Bajo
6036,0.0,1924,89120.0,78,0.01,Bajo
5389,2.0,347,48920.0,93,0.1,Bajo
6673,3.0,129,23478.0,51,0.0,Bajo
5848,0.0,2009,81205.0,43,0.0,Bajo
6565,2.0,1782,76995.0,91,0.98,Alto
1513,2.0,1250,60839.0,72,0.0,Bajo
5423,1.0,16,28359.0,35,0.0,Bajo
11188,1.0,89,26091.0,84,0.0,Bajo
7600,1.0,29,15253.0,13,0.0,Bajo
4640,0.0,1079,70647.0,65,0.0,Bajo
9298,0.0,1798,81574.0,89,0.98,Alto
10033,1.0,38,31163.0,54,0.0,Bajo
7108,3.0,353,51390.0,54,0.01,Bajo
1628,2.0,960,71796.0,54,0.0,Bajo
1729,2.0,1377,66426.0,14,0.0,Bajo
6471,1.0,59,36230.0,17,0.0,Bajo
2849,2.0,1180,60474.0,25,0.0,Bajo
7912,3.0,103,38136.0,69,0.0,Bajo
6634,3.0,54,33462.0,78,0.0,Bajo
9960,1.0,14,26868.0,52,0.0,Bajo
2324,0.0,1065,77044.0,12,0.0,Bajo
3463,2.0,904,69283.0,41,0.0,Bajo
3254,0.0,960,70886.0,65,0.0,Bajo
7428,0.0,1367,80144.0,47,0.0,Bajo
10172,0.0,1538,68655.0,95,1.0,Alto
1031,0.0,1062,85710.0,5,0.0,Bajo
6616,2.0,461,59481.0,47,0.0,Bajo
10476,2.0,251,67267.0,0,0.0,Bajo
7530,1.0,138,56551.0,48,0.0,Bajo
6950,1.0,54,49572.0,25,0.0,Bajo
716,2.0,976,67911.0,63,0.0,Bajo
9362,2.0,568,69263.0,14,0.01,Bajo
5140,2.0,1445,64355.0,66,0.0,Bajo
4557,3.0,67,22070.0,11,0.0,Bajo
10133,0.0,2349,93790.0,16,0.0,Bajo
701,2.0,1179,73691.0,58,0.0,Bajo
2727,0.0,409,57100.0,19,0.01,Bajo
9262,1.0,52,32414.0,11,0.0,Bajo
1584,3.0,482,41443.0,79,0.0,Bajo
577,1.0,22,26907.0,10,0.0,Bajo
7901,1.0,22,34109.0,39,0.0,Bajo
500,0.0,1941,96876.0,79,0.0,Bajo
49,1.0,25,20587.0,39,0.0,Bajo
2620,1.0,23,34596.0,48,0.0,Bajo
7943,1.0,35,36663.0,40,0.0,Bajo
5453,0.0,2352,90226.0,26,0.0,Bajo
535,0.0,778,81361.0,18,0.0,Bajo
5892,3.0,221,34968.0,11,0.0,Bajo
11092,1.0,41,27116.0,78,0.0,Bajo
5074,1.0,47,28072.0,10,0.0,Bajo
8207,1.0,40,53233.0,18,0.0,Bajo
3830,2.0,459,59354.0,59,0.01,Bajo
6349,2.0,1319,61787.0,71,0.01,Bajo
10591,2.0,201,43638.0,37,0.0,Bajo
9635,3.0,129,35876.0,13,0.0,Bajo
1403,1.0,38,34984.0,40,0.0,Bajo
8584,0.0,1165,85431.0,54,0.0,Bajo
9560,0.0,1674,83003.0,18,0.0,Bajo
3270,3.0,128,17117.0,96,0.0,Bajo
3520,0.0,1092,91172.0,94,0.95,Alto
503,3.0,53,20559.0,88,0.0,Bajo
347,2.0,377,40780.0,30,0.0,Bajo
10299,2.0,882,48240.0,73,0.0,Bajo
6982,0.0,1581,74068.0,14,0.0,Bajo
9805,2.0,660,56129.0,65,0.0,Bajo
2740,1.0,90,33438.0,81,0.0,Bajo
2782,2.0,404,54456.0,23,0.01,Bajo
5107,1.0,49,35860.0,37,0.0,Bajo
5186,2.0,731,58482.0,59,0.0,Bajo
7349,3.0,103,9722.0,7,0.0,Bajo
1911,2.0,1364,67430.0,6,0.0,Bajo
7660,1.0,49,35860.0,37,0.0,Bajo
7215,0.0,1135,101970.0,69,0.0,Bajo
8235,2.0,843,69245.0,8,0.0,Bajo
486,0.0,1198,84219.0,27,0.0,Bajo
3336,2.0,948,66375.0,96,0.96,Alto
2814,1.0,31,30560.0,6,0.0,Bajo
3602,2.0,195,51412.0,42,0.0,Bajo
3427,2.0,734,59821.0,11,0.0,Bajo
3091,0.0,823,75774.0,27,0.0,Bajo
9349,0.0,1131,92533.0,84,0.92,Alto
8945,2.0,203,54137.0,46,0.0,Bajo
7187,,721,,52,0.0,Bajo
9725,1.0,12,28764.0,16,0.0,Bajo
5547,0.0,1919,84169.0,9,0.0,Bajo
10196,3.0,614,71427.0,26,0.0,Bajo
2005,1.0,75,35765.0,86,0.0,Bajo
3033,0.0,318,38620.0,56,0.0,Bajo
4055,3.0,64,18746.0,41,0.0,Bajo
2292,1.0,24,22327.0,94,0.0,Bajo
6678,1.0,72,31928.0,5,0.0,Bajo
7451,0.0,2008,98777.0,23,0.0,Bajo
8726,3.0,174,41713.0,57,0.0,Bajo
3678,2.0,656,60208.0,13,0.01,Bajo
6864,1.0,30,10979.0,34,0.0,Bajo
8562,1.0,236,54165.0,72,0.0,Bajo
8442,1.0,30,19510.0,63,0.0,Bajo
7301,3.0,79,23616.0,76,0.0,Bajo
6613,3.0,727,44511.0,39,0.0,Bajo
8314,0.0,1772,79908.0,30,0.0,Bajo
837,1.0,174,54809.0,0,0.0,Bajo
10092,2.0,1504,70044.0,46,0.0,Bajo
8082,3.0,34,25721.0,75,0.0,Bajo
832,2.0,747,65814.0,90,0.97,Alto
55,2.0,597,56253.0,83,0.98,Alto
4817,3.0,18,22304.0,91,0.0,Bajo
2945,1.0,46,46015.0,25,0.0,Bajo
6168,1.0,53,45146.0,28,0.0,Bajo
9707,2.0,1182,55212.0,65,0.0,Bajo
713,0.0,442,50353.0,72,0.0,Bajo
3667,2.0,1757,80952.0,20,0.0,Bajo
3571,2.0,1101,63342.0,48,0.0,Bajo
5682,2.0,1099,64108.0,8,0.01,Bajo
4298,1.0,10,20427.0,63,0.0,Bajo
4887,1.0,63,55412.0,65,0.0,Bajo
7281,,186,,80,0.0,Bajo
2895,2.0,195,49980.0,79,0.0,Bajo
2565,0.0,1334,70638.0,69,0.0,Bajo
274,1.0,34,34853.0,75,0.0,Bajo
2453,2.0,819,62807.0,83,0.98,Alto
3286,1.0,42,26642.0,71,0.0,Bajo
10556,2.0,358,54984.0,51,0.0,Bajo
10395,3.0,101,8940.0,25,0.0,Bajo
1295,,725,,96,0.98,Alto
8397,1.0,34,44689.0,82,0.0,Bajo
5596,2.0,728,58821.0,44,0.0,Bajo
10203,1.0,42,26095.0,77,0.0,Bajo
5633,1.0,231,50183.0,47,0.0,Bajo
6945,0.0,1375,84574.0,72,0.0,Bajo
8812,3.0,48,13533.0,45,0.0,Bajo
6912,2.0,772,63246.0,60,0.0,Bajo
2426,0.0,895,78825.0,35,0.0,Bajo
3657,3.0,165,39146.0,1,0.0,Bajo
5180,2.0,149,50616.0,56,0.0,Bajo
8911,2.0,702,56320.0,11,0.0,Bajo
7165,2.0,823,64474.0,59,0.0,Bajo
10676,0.0,1173,63211.0,3,0.0,Bajo
1710,3.0,279,30168.0,51,0.01,Bajo
4786,2.0,1109,75330.0,94,0.94,Alto
1131,1.0,95,52569.0,54,0.0,Bajo
1631,2.0,1282,65220.0,3,0.0,Bajo
10691,1.0,43,28520.0,55,0.0,Bajo
1501,0.0,1717,160803.0,21,0.02,Bajo
7947,1.0,37,42231.0,99,0.0,Bajo
2072,2.0,1064,53374.0,34,0.0,Bajo
1461,1.0,38,36921.0,74,0.0,Bajo
9729,2.0,615,58275.0,48,0.0,Bajo
10742,0.0,746,86580.0,72,0.0,Bajo
2747,0.0,2126,67546.0,90,0.97,Alto
164,3.0,269,28973.0,59,0.0,Bajo
7899,2.0,1680,77610.0,70,0.01,Bajo
10590,0.0,1483,76542.0,91,0.96,Alto
6295,2.0,981,54233.0,46,0.02,Bajo
5286,1.0,217,41020.0,68,0.0,Bajo
10383,0.0,1093,70287.0,30,0.0,Bajo
5510,2.0,441,43263.0,2,0.0,Bajo
10766,2.0,506,65526.0,22,0.0,Bajo
9305,0.0,1315,79689.0,65,0.0,Bajo
3712,1.0,259,52332.0,63,0.0,Bajo
10258,1.0,35,35791.0,94,0.0,Bajo
5493,1.0,23,39356.0,21,0.0,Bajo
4507,0.0,1250,72228.0,87,1.0,Alto
8773,2.0,322,57420.0,22,0.0,Bajo
4369,0.0,1169,65487.0,48,0.0,Bajo
2815,3.0,120,33183.0,46,0.0,Bajo
8395,0.0,1511,82014.0,48,0.0,Bajo
8717,2.0,1835,80427.0,56,0.02,Bajo
7829,3.0,65,36640.0,99,0.0,Bajo
591,2.0,677,66033.0,76,0.01,Bajo
10245,0.0,756,80910.0,71,0.0,Bajo
9592,3.0,33,22010.0,51,0.0,Bajo
10992,2.0,1148,75702.0,77,0.01,Bajo
3972,3.0,401,50200.0,70,0.01,Bajo
9727,1.0,81,23539.0,13,0.0,Bajo
3426,0.0,1596,70300.0,89,0.97,Alto
10983,0.0,930,75278.0,17,0.0,Bajo
7761,3.0,109,38702.0,71,0.0,Bajo
1411,0.0,940,82623.0,58,0.03,Bajo
4837,2.0,1305,71322.0,57,0.0,Bajo
2217,1.0,23,37284.0,46,0.0,Bajo
10164,0.0,1691,94472.0,75,0.0,Bajo
6271,1.0,63,50870.0,13,0.0,Bajo
8897,2.0,654,42720.0,9,0.0,Bajo
5025,1.0,135,48526.0,32,0.0,Bajo
807,3.0,292,44602.0,35,0.0,Bajo
1916,2.0,437,45736.0,92,0.81,Alto
2678,3.0,209,34412.0,62,0.0,Bajo
9500,2.0,758,58113.0,66,0.0,Bajo
1878,1.0,37,23148.0,83,0.0,Bajo
6200,2.0,901,75903.0,50,0.0,Bajo
6963,0.0,1157,77457.0,85,0.98,Alto
7214,0.0,1283,62187.0,49,0.02,Bajo
10356,1.0,32,41437.0,5,0.0,Bajo
1000,2.0,964,74881.0,48,0.02,Bajo
1324,3.0,91,38872.0,93,0.0,Bajo
2686,1.0,26,22390.0,49,0.0,Bajo
9790,2.0,1334,78499.0,12,0.0,Bajo
10699,3.0,92,44322.0,30,0.0,Bajo
8041,2.0,1092,47111.0,35,0.0,Bajo
7699,3.0,258,40590.0,30,0.0,Bajo
520,1.0,30,34421.0,81,0.0,Bajo
7706,2.0,1048,46772.0,88,0.89,Alto
8387,2.0,235,43140.0,68,0.0,Bajo
4310,0.0,1428,80589.0,25,0.0,Bajo
5991,2.0,266,48150.0,24,0.0,Bajo
4179,1.0,55,24221.0,94,0.0,Bajo
5534,2.0,224,47808.0,30,0.0,Bajo
4184,2.0,265,52157.0,48,0.0,Bajo
5176,1.0,53,29604.0,88,0.0,Bajo
6661,2.0,1174,67445.0,63,0.0,Bajo
11010,3.0,44,16269.0,75,0.0,Bajo
6825,1.0,16,41452.0,86,0.0,Bajo
75,3.0,467,41039.0,32,0.01,Bajo
5823,1.0,39,32303.0,63,0.0,Bajo
4442,1.0,177,46524.0,70,0.0,Bajo
3498,2.0,877,55424.0,6,0.01,Bajo
749,3.0,145,42162.0,31,0.0,Bajo
3623,3.0,45,21675.0,55,0.0,Bajo
92,1.0,89,34176.0,12,0.0,Bajo
3120,1.0,22,38547.0,49,0.0,Bajo
6327,0.0,1146,65777.0,87,1.0,Alto
2980,3.0,35,8820.0,52,0.0,Bajo
10967,1.0,99,33378.0,38,0.0,Bajo
1029,2.0,279,64413.0,27,0.0,Bajo
4141,2.0,776,71613.0,26,0.01,Bajo
1964,0.0,1603,86610.0,66,0.0,Bajo
8443,3.0,86,24762.0,16,0.0,Bajo
4554,2.0,448,47009.0,89,0.94,Alto
2995,0.0,1084,66636.0,64,0.0,Bajo
10466,1.0,60,44393.0,86,0.0,Bajo
3469,3.0,103,34487.0,94,0.01,Bajo
8475,0.0,1608,157243.0,98,0.97,Alto
1272,2.0,903,55250.0,49,0.0,Bajo
7030,2.0,1485,66465.0,1,0.0,Bajo
5324,3.0,422,58293.0,94,0.93,Alto
6262,0.0,1573,72217.0,93,0.98,Alto
3643,0.0,928,63206.0,65,0.0,Bajo
8162,1.0,26,14661.0,88,0.0,Bajo
309,2.0,1101,63342.0,48,0.0,Bajo
10381,1.0,21,47691.0,43,0.0,Bajo
4915,2.0,732,53230.0,86,0.98,Alto
7807,2.0,369,44989.0,26,0.0,Bajo
1744,1.0,54,23529.0,67,0.0,Bajo
7327,1.0,47,36732.0,71,0.0,Bajo
10304,3.0,60,18690.0,77,0.0,Bajo
5922,2.0,218,40344.0,48,0.0,Bajo
194,1.0,41,48006.0,55,0.0,Bajo
2877,2.0,541,46014.0,21,0.01,Bajo
9817,2.0,1049,44802.0,71,0.01,Bajo
252,2.0,601,41003.0,11,0.0,Bajo
4377,2.0,575,52914.0,32,0.02,Bajo
5948,2.0,237,57338.0,96,0.01,Bajo
10609,1.0,88,42769.0,15,0.0,Bajo
11171,3.0,411,56962.0,60,0.0,Bajo
8159,3.0,182,51287.0,10,0.0,Bajo
1175,2.0,426,36262.0,24,0.0,Bajo
5232,2.0,227,69139.0,23,0.0,Bajo
9166,2.0,882,63967.0,57,0.01,Bajo
5331,0.0,1869,74985.0,8,0.0,Bajo
7053,0.0,1453,78420.0,75,0.0,Bajo
2569,1.0,46,17323.0,38,0.0,Bajo
5289,1.0,72,41658.0,30,0.0,Bajo
675,3.0,332,52034.0,67,0.01,Bajo
7321,0.0,1033,76081.0,85,0.98,Alto
2948,2.0,185,62637.0,76,0.0,Bajo
10286,0.0,926,83715.0,2,0.01,Bajo
4436,1.0,137,20180.0,27,0.0,Bajo
7419,1.0,35,27071.0,90,0.0,Bajo
528,0.0,1383,65819.0,99,0.99,Alto
6961,1.0,11,26751.0,26,0.0,Bajo
6488,2.0,99,38829.0,86,0.0,Bajo
2326,1.0,85,18929.0,15,0.0,Bajo
2939,0.0,1631,79419.0,96,0.98,Alto
10430,2.0,1472,89694.0,22,0.0,Bajo
10104,1.0,8,33590.0,65,0.0,Bajo
7254,3.0,137,38361.0,74,0.0,Bajo
8135,1.0,52,27161.0,41,0.0,Bajo
6274,0.0,1615,83790.0,81,0.02,Bajo
7094,2.0,1064,58330.0,87,1.0,Alto
9094,2.0,587,62972.0,39,0.0,Bajo
607,2.0,521,41769.0,31,0.0,Bajo
4437,2.0,260,65316.0,65,0.0,Bajo
378,2.0,794,52531.0,68,0.0,Bajo
5589,2.0,793,51983.0,95,0.97,Alto
1665,2.0,1750,64140.0,71,0.0,Bajo
839,3.0,170,45503.0,54,0.0,Bajo
8659,0.0,1038,69805.0,50,0.0,Bajo
9504,0.0,1008,81698.0,4,0.0,Bajo
4487,1.0,95,39858.0,67,0.0,Bajo
938,3.0,87,40211.0,30,0.0,Bajo
7755,2.0,411,57744.0,91,0.87,Alto
3102,1.0,32,19414.0,32,0.0,Bajo
5758,2.0,1189,65169.0,23,0.0,Bajo
10207,1.0,15,22775.0,40,0.0,Bajo
5287,3.0,79,34961.0,77,0.0,Bajo
3174,0.0,1957,87771.0,61,0.0,Bajo
4240,3.0,58,17345.0,79,0.0,Bajo
11004,1.0,22,60182.0,23,0.0,Bajo
4399,0.0,1091,68695.0,3,0.0,Bajo
5253,3.0,227,54603.0,85,0.1,Bajo
6248,0.0,2217,91712.0,47,0.02,Bajo
332,2.0,275,47743.0,56,0.0,Bajo
8147,3.0,48,31454.0,40,0.0,Bajo
3388,2.0,294,70844.0,16,0.0,Bajo
5529,3.0,444,64014.0,56,0.0,Bajo
10262,3.0,53,15072.0,96,0.0,Bajo
8461,1.0,16,46102.0,3,0.0,Bajo
1146,2.0,874,49912.0,5,0.0,Bajo
5350,0.0,2525,90638.0,29,0.0,Bajo
199,1.0,315,45183.0,33,0.0,Bajo
10789,1.0,68,45759.0,13,0.0,Bajo
4073,0.0,1215,63564.0,0,0.0,Bajo
7930,1.0,268,26877.0,74,0.0,Bajo
3710,3.0,81,39684.0,41,0.0,Bajo
8315,1.0,23,34824.0,65,0.0,Bajo
10770,0.0,1045,65492.0,73,0.0,Bajo
1458,3.0,44,21059.0,40,0.0,Bajo
5320,3.0,171,44051.0,20,0.0,Bajo
8910,3.0,252,42586.0,7,0.0,Bajo
944,2.0,393,56181.0,6,0.0,Bajo
4252,2.0,301,44375.0,73,0.0,Bajo
3525,1.0,17,38200.0,19,0.0,Bajo
5883,2.0,664,77981.0,78,0.01,Bajo
9284,2.0,907,53977.0,21,0.0,Bajo
3479,1.0,50,16813.0,49,0.0,Bajo
7441,0.0,1615,71128.0,80,0.01,Bajo
3312,1.0,89,34176.0,12,0.0,Bajo
1921,1.0,71,59062.0,74,0.0,Bajo
4098,1.0,44,24639.0,3,0.0,Bajo
10260,2.0,311,45143.0,74,0.0,Bajo
8414,1.0,86,33419.0,76,0.0,Bajo
6528,1.0,10,18492.0,75,0.0,Bajo
2109,0.0,1544,96843.0,60,0.0,Bajo
9701,3.0,312,41883.0,13,0.0,Bajo
2139,3.0,31,7500.0,19,0.0,Bajo
2674,2.0,1143,75154.0,79,0.0,Bajo
10722,2.0,546,55593.0,63,0.0,Bajo
4611,0.0,1724,105471.0,36,0.01,Bajo
2611,0.0,1910,82576.0,66,0.0,Bajo
10159,2.0,1185,58710.0,77,0.0,Bajo
9612,1.0,43,23830.0,3,0.0,Bajo
1663,3.0,49,34043.0,97,0.0,Bajo
2154,3.0,44,30372.0,33,0.0,Bajo
10906,2.0,425,46681.0,52,0.0,Bajo
6398,3.0,50,18393.0,2,0.0,Bajo
10872,2.0,1182,55212.0,65,0.0,Bajo
5610,1.0,36,33456.0,58,0.0,Bajo
8858,2.0,542,44325.0,69,0.0,Bajo
2130,3.0,147,45203.0,4,0.0,Bajo
10613,1.0,62,37334.0,44,0.0,Bajo
5455,3.0,122,32011.0,89,0.0,Bajo
1331,3.0,72,35790.0,54,0.0,Bajo
6543,0.0,1612,62847.0,45,0.01,Bajo
1351,2.0,1220,58656.0,25,0.01,Bajo
10826,3.0,60,18690.0,77,0.0,Bajo
4998,0.0,1033,76081.0,85,0.98,Alto
1928,3.0,83,31814.0,73,0.0,Bajo
4828,0.0,792,79865.0,12,0.0,Bajo
11056,0.0,1188,72099.0,18,0.0,Bajo
9214,3.0,358,42691.0,48,0.0,Bajo
1277,0.0,1004,78468.0,29,0.0,Bajo
9264,0.0,1638,79529.0,1,0.01,Bajo
5236,2.0,2194,77568.0,30,0.0,Bajo
10469,0.0,1623,88325.0,42,0.0,Bajo
3599,2.0,1464,63684.0,61,0.0,Bajo
1463,1.0,21,45160.0,9,0.0,Bajo
367,3.0,577,36550.0,74,0.0,Bajo
1650,0.0,1643,81843.0,13,0.0,Bajo
9760,2.0,1198,52278.0,24,0.0,Bajo
4391,2.0,908,63841.0,64,0.0,Bajo
4609,2.0,486,57705.0,14,0.0,Bajo
1407,3.0,57,20425.0,5,0.0,Bajo
10479,0.0,1511,76618.0,64,0.0,Bajo
2227,3.0,210,26490.0,92,0.0,Bajo
10403,3.0,44,16531.0,43,0.0,Bajo
8799,3.0,153,38175.0,6,0.0,Bajo
5147,0.0,1424,90842.0,57,0.0,Bajo
10420,2.0,222,46390.0,56,0.0,Bajo
4910,2.0,2074,68743.0,81,0.0,Bajo
5393,1.0,42,23763.0,64,0.0,Bajo
3483,0.0,1526,48192.0,76,0.0,Bajo
6862,3.0,8,1730.0,65,0.0,Bajo
9286,0.0,747,83151.0,93,0.91,Alto
5012,1.0,34,28691.0,56,0.0,Bajo
322,1.0,41,42554.0,93,0.0,Bajo
9553,1.0,15,7500.0,94,0.0,Bajo
2886,2.0,1217,74290.0,70,0.0,Bajo
7023,3.0,263,46231.0,87,0.01,Bajo
4084,2.0,873,60934.0,41,0.0,Bajo
2902,,45,,87,0.0,Bajo
10507,2.0,797,59601.0,14,0.0,Bajo
3179,0.0,1572,81741.0,75,0.0,Bajo
4974,2.0,1392,83273.0,98,1.0,Alto
6072,0.0,2087,75345.0,16,0.0,Bajo
10833,2.0,973,65106.0,55,0.0,Bajo
10156,2.0,1237,84196.0,56,0.0,Bajo
8026,2.0,463,62998.0,10,0.0,Bajo
2698,2.0,415,47025.0,52,0.0,Bajo
437,0.0,1027,75012.0,41,0.01,Bajo
3945,2.0,930,68117.0,80,0.0,Bajo
6205,1.0,80,32557.0,13,0.0,Bajo
7181,3.0,52,30368.0,97,0.0,Bajo
4329,1.0,16,18988.0,43,0.0,Bajo
9973,2.0,490,50437.0,28,0.0,Bajo
5555,0.0,6,153924.0,81,0.01,Bajo
3766,3.0,835,33051.0,15,0.01,Bajo
2535,2.0,844,88097.0,24,0.01,Bajo
2437,,1611,,69,0.01,Bajo
10757,1.0,13,28420.0,36,0.0,Bajo
9738,3.0,100,42386.0,43,0.0,Bajo
1966,0.0,1672,84618.0,96,0.98,Alto
590,0.0,1812,78579.0,35,0.0,Bajo
6050,2.0,1513,57036.0,33,0.0,Bajo
8975,3.0,69,19514.0,47,0.0,Bajo
3422,2.0,1376,76068.0,67,0.01,Bajo
2561,2.0,1371,63810.0,45,0.0,Bajo
4518,2.0,1169,85693.0,59,0.0,Bajo
9516,2.0,1229,49118.0,90,0.98,Alto
2404,3.0,257,53359.0,4,0.0,Bajo
2471,0.0,299,61482.0,39,0.0,Bajo
1715,3.0,48,25851.0,45,0.0,Bajo
5726,1.0,60,31788.0,15,0.0,Bajo
2002,0.0,1870,71964.0,81,0.03,Bajo
2631,0.0,1149,71853.0,29,0.0,Bajo
7386,1.0,43,30992.0,83,0.0,Bajo
10972,0.0,939,72298.0,52,0.0,Bajo
10010,3.0,152,36957.0,43,0.0,Bajo
8427,0.0,1540,64857.0,78,0.0,Bajo
2261,1.0,16,26304.0,5,0.0,Bajo
6460,3.0,57,28718.0,78,0.0,Bajo
7124,3.0,94,36997.0,72,0.0,Bajo
8685,3.0,436,42014.0,56,0.0,Bajo
9209,0.0,1564,80573.0,85,0.99,Alto
8514,1.0,20,29478.0,59,0.0,Bajo
4385,3.0,47,36038.0,82,0.0,Bajo
10022,1.0,16,54466.0,78,0.0,Bajo
3762,0.0,925,69867.0,30,0.0,Bajo
4994,0.0,1735,77598.0,53,0.0,Bajo
1109,1.0,12,27590.0,38,0.0,Bajo
2079,0.0,1208,81044.0,0,0.0,Bajo
3202,2.0,1250,51563.0,60,0.0,Bajo
0,0.0,1198,70951.0,66,0.0,Bajo
3517,3.0,161,40887.0,32,0.0,Bajo
8420,1.0,64,15315.0,27,0.0,Bajo
4086,3.0,60,18690.0,77,0.0,Bajo
10177,2.0,1338,72071.0,4,0.0,Bajo
9617,1.0,19,15033.0,37,0.0,Bajo
291,0.0,981,72940.0,13,0.01,Bajo
5181,3.0,24,24367.0,58,0.0,Bajo
10311,2.0,359,4428.0,0,0.0,Bajo
8690,0.0,1385,86111.0,73,0.0,Bajo
6424,1.0,49,33178.0,9,0.0,Bajo
10323,2.0,304,49413.0,88,0.0,Bajo
6059,2.0,1314,64504.0,81,0.02,Bajo
8789,1.0,274,59060.0,77,0.0,Bajo
6918,1.0,34,28691.0,56,0.0,Bajo
2174,1.0,27,46344.0,38,0.0,Bajo
6646,1.0,22,16529.0,23,0.0,Bajo
4220,2.0,87,59892.0,26,0.0,Bajo
232,2.0,530,61559.0,8,0.01,Bajo
11176,2.0,495,65968.0,12,0.0,Bajo
9829,1.0,78,28587.0,42,0.0,Bajo
8210,2.0,405,54730.0,64,0.02,Bajo
2456,1.0,149,40233.0,84,0.01,Bajo
8876,3.0,152,33629.0,49,0.0,Bajo
6504,3.0,78,19789.0,24,0.0,Bajo
67,1.0,92,46423.0,6,0.0,Bajo
7000,0.0,817,65704.0,18,0.0,Bajo
178,2.0,973,62503.0,40,0.0,Bajo
2587,1.0,20,29791.0,21,0.0,Bajo
4427,0.0,1365,83257.0,56,0.01,Bajo
4607,0.0,777,71367.0,24,0.0,Bajo
9530,3.0,17,24645.0,16,0.0,Bajo
5684,1.0,68,44635.0,25,0.0,Bajo
7286,3.0,55,41728.0,92,0.01,Bajo
737,0.0,2231,80360.0,56,0.01,Bajo
8212,3.0,174,39791.0,89,0.0,Bajo
7718,0.0,711,66000.0,36,0.0,Bajo
1890,1.0,25,42033.0,95,0.0,Bajo
4690,2.0,586,50725.0,45,0.0,Bajo
7822,2.0,662,54058.0,56,0.0,Bajo
6679,1.0,16,33279.0,29,0.0,Bajo
4508,0.0,833,75127.0,92,0.96,Alto
10089,0.0,1112,102692.0,5,0.0,Bajo
803,1.0,21,40521.0,82,0.0,Bajo
773,2.0,595,42835.0,64,0.0,Bajo
7384,3.0,485,39767.0,18,0.0,Bajo
7378,3.0,573,42021.0,34,0.0,Bajo
762,0.0,823,75774.0,27,0.0,Bajo
7849,0.0,1052,80336.0,12,0.0,Bajo
7848,2.0,368,49166.0,17,0.0,Bajo
158,2.0,1196,71604.0,3,0.0,Bajo
1362,3.0,449,31907.0,75,0.01,Bajo
8070,2.0,264,54222.0,98,0.0,Bajo
8920,2.0,1128,59235.0,4,0.01,Bajo
5995,3.0,384,39552.0,54,0.0,Bajo
8724,3.0,46,28567.0,57,0.0,Bajo
7106,0.0,1242,75865.0,73,0.01,Bajo
8372,1.0,30,34421.0,81,0.0,Bajo
4297,3.0,40,23228.0,71,0.0,Bajo
477,0.0,2157,83512.0,31,0.0,Bajo
1118,2.0,685,50965.0,87,1.0,Alto
967,2.0,515,46049.0,11,0.0,Bajo
1672,2.0,461,65640.0,74,0.08,Bajo
10219,1.0,38,31590.0,40,0.0,Bajo
9907,2.0,1013,66476.0,80,0.01,Bajo
8213,3.0,96,14515.0,71,0.0,Bajo
4749,2.0,586,58554.0,55,0.0,Bajo
2613,1.0,237,54197.0,16,0.0,Bajo
9213,1.0,15,31880.0,13,0.0,Bajo
6544,2.0,976,67911.0,63,0.0,Bajo
8204,0.0,1319,78041.0,93,0.98,Alto
5513,1.0,40,37758.0,49,0.0,Bajo
8402,2.0,794,67087.0,40,0.0,Bajo
8842,3.0,44,30372.0,33,0.0,Bajo
5692,1.0,32,25443.0,82,0.0,Bajo
6431,1.0,68,45759.0,13,0.0,Bajo
5734,1.0,91,61917.0,83,0.01,Bajo
3386,1.0,137,34935.0,71,0.0,Bajo
10530,0.0,1156,67786.0,0,0.0,Bajo
6919,3.0,63,26224.0,39,0.0,Bajo
10862,1.0,326,30522.0,6,0.0,Bajo
10281,0.0,602,64713.0,11,0.0,Bajo
125,3.0,271,53083.0,65,0.0,Bajo
1834,1.0,67,35544.0,77,0.0,Bajo
5092,2.0,467,51569.0,39,0.0,Bajo
9064,0.0,1555,69109.0,10,0.0,Bajo
4339,0.0,913,67353.0,37,0.01,Bajo
6365,1.0,80,30390.0,5,0.0,Bajo
6406,0.0,1427,78285.0,13,0.0,Bajo
7326,1.0,63,56850.0,83,0.01,Bajo
425,3.0,727,55357.0,66,0.0,Bajo
3298,2.0,1152,52973.0,92,0.94,Alto
2807,2.0,1001,56796.0,24,0.0,Bajo
6770,3.0,68,21355.0,5,0.0,Bajo
2534,2.0,188,37716.0,4,0.0,Bajo
1726,3.0,81,22585.0,23,0.0,Bajo
3524,3.0,167,39763.0,9,0.0,Bajo
9478,3.0,401,66503.0,30,0.0,Bajo
7396,0.0,1597,80398.0,92,0.98,Alto
3266,1.0,125,42523.0,96,0.0,Bajo
4931,0.0,1730,157146.0,13,0.01,Bajo
9370,2.0,1120,65846.0,68,0.0,Bajo
1833,1.0,133,39190.0,91,0.0,Bajo
4168,3.0,433,37070.0,30,0.0,Bajo
8527,2.0,395,65735.0,37,0.0,Bajo
760,2.0,811,60554.0,8,0.0,Bajo
8594,2.0,135,50520.0,25,0.0,Bajo
4679,2.0,1092,78710.0,42,0.0,Bajo
8737,1.0,43,55563.0,22,0.0,Bajo
5221,2.0,879,52852.0,93,0.99,Alto
5763,3.0,380,49854.0,63,0.01,Bajo
4444,1.0,61,30023.0,28,0.0,Bajo
1386,1.0,11,32474.0,0,0.0,Bajo
182,2.0,397,44124.0,62,0.0,Bajo
9955,1.0,134,39898.0,20,0.0,Bajo
7348,0.0,1192,71691.0,0,0.0,Bajo
5283,1.0,144,42473.0,72,0.0,Bajo
9460,3.0,162,22419.0,74,0.0,Bajo
4096,3.0,187,41335.0,24,0.0,Bajo
11025,3.0,138,36443.0,9,0.0,Bajo
7011,3.0,93,33471.0,47,0.0,Bajo
7505,1.0,46,44155.0,24,0.0,Bajo
11003,3.0,50,25130.0,10,0.0,Bajo
6197,3.0,57,27238.0,39,0.0,Bajo
5536,0.0,1957,87771.0,61,0.0,Bajo
544,0.0,976,62820.0,51,0.0,Bajo
3421,2.0,908,63841.0,64,0.0,Bajo
5136,2.0,798,65333.0,58,0.0,Bajo
6428,0.0,1130,76842.0,37,0.03,Bajo
1177,3.0,129,49618.0,77,0.0,Bajo
6250,2.0,775,54356.0,62,0.0,Bajo
2677,2.0,241,46097.0,11,0.0,Bajo
4299,2.0,1825,70971.0,28,0.0,Bajo
6142,0.0,900,65073.0,65,0.0,Bajo
5156,2.0,889,62466.0,13,0.0,Bajo
7922,2.0,966,64950.0,29,0.02,Bajo
8732,2.0,1461,67369.0,81,0.01,Bajo
9507,2.0,434,40794.0,18,0.0,Bajo
6182,1.0,53,26646.0,26,0.0,Bajo
5687,0.0,1633,81702.0,98,0.98,Alto
6694,2.0,1068,75236.0,27,0.0,Bajo
10340,3.0,497,35196.0,68,0.0,Bajo
10755,3.0,81,23718.0,76,0.0,Bajo
466,0.0,746,65275.0,9,0.01,Bajo
9710,2.0,792,58086.0,80,0.06,Bajo
6575,2.0,612,56386.0,51,0.0,Bajo
1030,1.0,38,40637.0,72,0.0,Bajo
7375,2.0,576,51369.0,84,0.95,Alto
4405,2.0,789,63915.0,2,0.0,Bajo
10968,2.0,704,57731.0,0,0.0,Bajo
6583,0.0,981,72635.0,54,0.0,Bajo
10641,3.0,57,7500.0,5,0.0,Bajo
2114,0.0,1315,82800.0,23,0.01,Bajo
2570,2.0,815,56534.0,35,0.01,Bajo
3696,1.0,52,30630.0,67,0.0,Bajo
3878,1.0,48,31859.0,3,0.0,Bajo
2166,1.0,23,46779.0,55,0.0,Bajo
9120,2.0,1065,66565.0,80,0.01,Bajo
10680,3.0,70,33235.0,71,0.0,Bajo
9381,2.0,606,66373.0,57,0.0,Bajo
10562,0.0,1033,66835.0,21,0.0,Bajo
7592,3.0,209,51012.0,86,0.0,Bajo
4789,0.0,1677,80812.0,95,0.97,Alto
2461,1.0,43,51124.0,79,0.0,Bajo
833,3.0,72,38452.0,62,0.0,Bajo
313,0.0,2088,73455.0,98,0.96,Alto
2253,1.0,85,18929.0,15,0.0,Bajo
4478,2.0,653,63777.0,87,0.85,Alto
5790,3.0,72,31158.0,62,0.0,Bajo
4580,0.0,2486,75759.0,46,0.02,Bajo
10870,2.0,1341,61223.0,46,0.0,Bajo
9771,3.0,269,23331.0,97,0.03,Bajo
9029,0.0,1536,70116.0,73,0.0,Bajo
3560,0.0,1574,83844.0,57,0.0,Bajo
5961,1.0,57,42693.0,29,0.0,Bajo
1876,1.0,85,18929.0,15,0.0,Bajo
7842,3.0,74,36065.0,54,0.0,Bajo
7919,2.0,2092,72335.0,2,0.0,Bajo
8432,2.0,684,54450.0,0,0.01,Bajo
8916,1.0,16,36627.0,78,0.0,Bajo
8268,,404,,23,0.01,Bajo
7411,1.0,17,31686.0,31,0.0,Bajo
1857,3.0,83,47139.0,2,0.0,Bajo
8486,3.0,367,30538.0,27,0.0,Bajo
9780,2.0,795,71499.0,12,0.0,Bajo
5424,3.0,156,39922.0,30,0.0,Bajo
8686,3.0,75,23724.0,65,0.0,Bajo
10140,0.0,1727,70123.0,27,0.0,Bajo
1991,1.0,96,44931.0,0,0.0,Bajo
4500,0.0,1598,68682.0,56,0.0,Bajo
8908,0.0,1097,87195.0,35,0.02,Bajo
6211,1.0,39,37395.0,47,0.0,Bajo
5929,1.0,48,37401.0,14,0.0,Bajo
5114,2.0,965,74806.0,1,0.01,Bajo
9697,2.0,542,53790.0,86,1.0,Alto
873,2.0,1178,62845.0,3,0.0,Bajo
7042,3.0,66,36790.0,14,0.0,Bajo
9665,2.0,361,54237.0,48,0.0,Bajo
9597,2.0,725,73448.0,10,0.0,Bajo
6019,1.0,72,37126.0,9,0.0,Bajo
4550,1.0,71,33564.0,51,0.0,Bajo
73,1.0,18,51411.0,81,0.0,Bajo
7290,0.0,968,70596.0,68,0.0,Bajo
7034,3.0,55,25804.0,34,0.0,Bajo
4345,,21,,49,0.0,Bajo
5756,1.0,55,39453.0,64,0.0,Bajo
234,3.0,31,15287.0,60,0.0,Bajo
10505,0.0,1001,73113.0,86,0.94,Alto
5029,1.0,14,18100.0,14,0.0,Bajo
2173,1.0,32,40049.0,23,0.0,Bajo
3277,2.0,365,49431.0,9,0.0,Bajo
4338,1.0,44,39062.0,28,0.0,Bajo
1998,1.0,84,37697.0,82,0.0,Bajo
1162,2.0,653,42000.0,23,0.0,Bajo
1250,1.0,84,37697.0,82,0.0,Bajo
9422,1.0,131,38360.0,26,0.0,Bajo
8504,0.0,1366,79593.0,70,0.0,Bajo
1160,3.0,49,13260.0,48,0.0,Bajo
10402,1.0,39,35441.0,94,0.0,Bajo
4246,3.0,373,6560.0,2,0.01,Bajo
6245,2.0,507,59292.0,71,0.0,Bajo
10914,1.0,17,24163.0,3,0.0,Bajo
6255,2.0,334,70545.0,29,0.0,Bajo
10424,0.0,1295,75922.0,60,0.0,Bajo
7433,3.0,165,29760.0,87,0.0,Bajo
979,3.0,112,33249.0,11,0.0,Bajo
10701,0.0,1211,65308.0,60,0.0,Bajo
5782,2.0,763,58582.0,15,0.0,Bajo
4120,3.0,369,49514.0,61,0.02,Bajo
2406,2.0,519,54591.0,63,0.0,Bajo
1968,1.0,28,45684.0,37,0.0,Bajo
6214,1.0,79,43815.0,53,0.0,Bajo
2415,2.0,953,62568.0,99,0.95,Alto
254,2.0,473,53863.0,4,0.0,Bajo
1524,2.0,1104,81698.0,1,0.01,Bajo
3025,2.0,306,49967.0,4,0.0,Bajo
2452,3.0,318,34600.0,8,0.0,Bajo
7264,1.0,17,52195.0,2,0.0,Bajo
6215,1.0,31,31353.0,24,0.0,Bajo
1519,3.0,73,38578.0,2,0.0,Bajo
6653,3.0,418,55158.0,72,0.02,Bajo
361,1.0,20,43142.0,84,0.0,Bajo
4483,0.0,1228,72354.0,67,0.02,Bajo
7872,0.0,557,86836.0,7,0.0,Bajo
830,0.0,1658,74004.0,5,0.01,Bajo
10475,,317,,39,0.0,Bajo
2493,2.0,608,61286.0,34,0.0,Bajo
8430,1.0,22,21994.0,4,0.0,Bajo
9888,0.0,1091,68695.0,3,0.0,Bajo
7698,2.0,191,51650.0,81,0.0,Bajo
3807,2.0,766,59925.0,83,0.98,Alto
3436,1.0,20,14045.0,24,0.0,Bajo
7938,2.0,449,51518.0,92,0.98,Alto
10710,1.0,18,7500.0,61,0.0,Bajo
10212,3.0,100,42386.0,43,0.0,Bajo
8151,3.0,263,24279.0,6,0.0,Bajo
2793,2.0,1034,70179.0,10,0.0,Bajo
3526,1.0,38,38443.0,58,0.0,Bajo
4855,3.0,46,30351.0,19,0.0,Bajo
4697,3.0,390,35416.0,62,0.0,Bajo
1734,3.0,81,40706.0,37,0.0,Bajo
8418,1.0,61,38741.0,60,0.0,Bajo
7527,3.0,76,23748.0,97,0.0,Bajo
6379,3.0,121,47570.0,3,0.0,Bajo
8375,2.0,518,55954.0,63,0.0,Bajo
10129,0.0,1456,82427.0,35,0.0,Bajo
5710,1.0,120,40548.0,31,0.0,Bajo
6237,2.0,416,7144.0,92,0.43,Bajo
1041,2.0,424,48432.0,3,0.0,Bajo
10102,0.0,1478,79946.0,19,0.0,Bajo
7022,0.0,1410,76445.0,2,0.0,Bajo
8492,0.0,1493,75437.0,25,0.02,Bajo
4050,1.0,127,49605.0,65,0.0,Bajo
5899,3.0,49,5648.0,68,0.0,Bajo
5081,1.0,47,47821.0,54,0.0,Bajo
2176,0.0,1690,80134.0,40,0.0,Bajo
3537,3.0,79,31089.0,57,0.0,Bajo
5631,2.0,692,49767.0,92,0.96,Alto
10678,2.0,917,71232.0,91,0.96,Alto
3332,3.0,165,29760.0,87,0.0,Bajo
5117,2.0,576,32632.0,32,0.0,Bajo
6935,0.0,978,78497.0,44,0.0,Bajo
9463,2.0,1443,71706.0,16,0.0,Bajo
8036,1.0,63,26850.0,10,0.0,Bajo
564,2.0,906,56937.0,81,0.0,Bajo
4186,1.0,76,34026.0,11,0.0,Bajo
1050,1.0,65,28332.0,58,0.0,Bajo
5272,2.0,562,53843.0,64,0.01,Bajo
5172,2.0,1053,65104.0,4,0.01,Bajo
10379,2.0,574,59247.0,87,0.99,Alto
4137,2.0,1076,70666.0,29,0.01,Bajo
1071,2.0,1034,70179.0,10,0.0,Bajo
5474,3.0,223,43020.0,79,0.0,Bajo
5263,1.0,55,31056.0,99,0.0,Bajo
10582,2.0,758,72063.0,3,0.0,Bajo
2564,2.0,165,61278.0,87,0.01,Bajo
5794,2.0,446,46374.0,1,0.0,Bajo
2563,1.0,43,28249.0,80,0.0,Bajo
10394,0.0,1479,90000.0,91,0.95,Alto
4967,2.0,268,38201.0,19,0.0,Bajo
10602,3.0,156,39922.0,30,0.0,Bajo
405,2.0,441,41638.0,68,0.0,Bajo
4432,3.0,51,31615.0,82,0.0,Bajo
1826,0.0,1190,84835.0,0,0.0,Bajo
7998,3.0,112,28087.0,77,0.0,Bajo
1215,0.0,1572,70440.0,49,0.01,Bajo
5543,2.0,802,57811.0,49,0.0,Bajo
2669,0.0,1127,74293.0,66,0.0,Bajo
4452,2.0,372,50388.0,3,0.03,Bajo
5796,0.0,1125,77437.0,70,0.0,Bajo
3578,1.0,236,49160.0,29,0.0,Bajo
771,1.0,194,54178.0,79,0.0,Bajo
7059,0.0,1495,80124.0,47,0.0,Bajo
2612,0.0,1682,75794.0,33,0.0,Bajo
3363,1.0,34,20130.0,99,0.0,Bajo
5314,2.0,444,40689.0,69,0.0,Bajo
3083,3.0,373,45837.0,88,0.78,Alto
7732,2.0,745,64813.0,81,0.01,Bajo
9212,2.0,1678,72828.0,17,0.02,Bajo
10477,3.0,102,39435.0,16,0.0,Bajo
6927,3.0,264,44377.0,70,0.01,Bajo
10142,2.0,689,66476.0,99,0.98,Alto
11133,2.0,424,48432.0,3,0.0,Bajo
4945,2.0,1210,53653.0,29,0.01,Bajo
7620,3.0,106,16185.0,71,0.0,Bajo
907,2.0,362,46149.0,36,0.0,Bajo
3749,0.0,1580,73926.0,54,0.0,Bajo
4867,3.0,88,38236.0,2,0.0,Bajo
2295,2.0,825,62670.0,57,0.0,Bajo
10377,2.0,397,46692.0,37,0.01,Bajo
1173,0.0,2252,77632.0,73,0.0,Bajo
531,2.0,1662,57333.0,55,0.0,Bajo
8362,0.0,1919,84169.0,9,0.0,Bajo
624,1.0,35,18890.0,5,0.0,Bajo
454,2.0,1135,69508.0,48,0.0,Bajo
10779,1.0,49,22148.0,16,0.0,Bajo
10637,3.0,99,40800.0,77,0.0,Bajo
8080,1.0,22,26816.0,50,0.0,Bajo
3130,1.0,44,18701.0,95,0.0,Bajo
4328,3.0,55,21955.0,81,0.0,Bajo
1328,2.0,683,57937.0,56,0.0,Bajo
4012,2.0,1226,62220.0,55,0.0,Bajo
1137,0.0,1379,81246.0,87,0.98,Alto
8870,3.0,497,35196.0,68,0.0,Bajo
9477,2.0,544,65324.0,0,0.01,Bajo
5255,,637,,19,0.01,Bajo
9967,3.0,447,53034.0,30,0.0,Bajo
4301,1.0,59,35178.0,10,0.0,Bajo
10151,2.0,946,62204.0,38,0.0,Bajo
1459,2.0,928,69063.0,16,0.01,Bajo
2276,2.0,868,57959.0,71,0.0,Bajo
1055,1.0,45,53204.0,40,0.0,Bajo
7431,2.0,1820,68126.0,40,0.0,Bajo
4698,2.0,410,50150.0,32,0.01,Bajo
7787,2.0,819,62807.0,83,0.98,Alto
10951,1.0,306,45688.0,20,0.0,Bajo
7093,1.0,22,19986.0,74,0.0,Bajo
3308,1.0,94,35704.0,54,0.0,Bajo
1544,0.0,1893,81380.0,51,0.01,Bajo
5394,1.0,38,16014.0,42,0.0,Bajo
9971,2.0,506,65526.0,22,0.0,Bajo
2379,0.0,1635,69267.0,31,0.0,Bajo
5585,3.0,48,21359.0,1,0.0,Bajo
10858,2.0,820,76532.0,38,0.0,Bajo
1503,1.0,107,162397.0,31,0.0,Bajo
2495,0.0,816,83891.0,24,0.0,Bajo
3276,3.0,78,36301.0,53,0.0,Bajo
7734,0.0,1216,79244.0,58,0.0,Bajo
10548,0.0,960,71163.0,30,0.0,Bajo
4066,3.0,46,21282.0,76,0.0,Bajo
9265,2.0,1390,75027.0,74,0.0,Bajo
9576,3.0,159,32313.0,60,0.0,Bajo
3381,1.0,90,54348.0,51,0.0,Bajo
1184,2.0,845,69674.0,46,0.0,Bajo
8933,1.0,66,32146.0,16,0.0,Bajo
8614,2.0,507,65486.0,29,0.02,Bajo
7313,0.0,1565,74859.0,63,0.01,Bajo
3722,1.0,48,44503.0,83,0.0,Bajo
1307,1.0,63,41986.0,15,0.0,Bajo
7186,1.0,35,30843.0,43,0.0,Bajo
3924,2.0,916,57912.0,34,0.0,Bajo
9396,3.0,25,37717.0,31,0.0,Bajo
387,3.0,61,7500.0,59,0.0,Bajo
4102,1.0,23,37284.0,46,0.0,Bajo
1717,3.0,273,39747.0,43,0.0,Bajo
8017,1.0,55,51111.0,83,0.0,Bajo
5229,1.0,42,54132.0,81,0.0,Bajo
5831,2.0,1815,77870.0,93,0.97,Alto
10032,3.0,53,12571.0,86,0.0,Bajo
238,2.0,1082,67309.0,76,0.0,Bajo
10398,3.0,31,24336.0,82,0.0,Bajo
4988,1.0,62,34469.0,58,0.0,Bajo
4278,0.0,1923,87188.0,73,0.01,Bajo
6261,2.0,470,58025.0,81,0.0,Bajo
8727,2.0,1150,63693.0,63,0.01,Bajo
9014,3.0,61,37085.0,65,0.0,Bajo
5316,1.0,84,21024.0,89,0.0,Bajo
10738,1.0,65,49389.0,55,0.0,Bajo
8952,2.0,859,65569.0,96,0.98,Alto
9451,2.0,1658,73538.0,92,0.99,Alto
3433,0.0,981,72635.0,54,0.0,Bajo
6875,3.0,529,32727.0,38,0.0,Bajo
7990,1.0,17,27469.0,2,0.0,Bajo
4769,2.0,493,57954.0,52,0.0,Bajo
4791,1.0,41,44964.0,35,0.0,Bajo
5577,1.0,23,43776.0,77,0.0,Bajo
5735,0.0,2525,90638.0,29,0.0,Bajo
8405,2.0,305,68274.0,83,0.01,Bajo
3066,2.0,231,61905.0,2,0.0,Bajo
8619,1.0,22,21994.0,4,0.0,Bajo
8692,3.0,240,43462.0,50,0.0,Bajo
7010,0.0,1363,70924.0,41,0.0,Bajo
8783,2.0,454,57045.0,40,0.0,Bajo
9206,0.0,1121,77382.0,36,0.0,Bajo
2656,3.0,59,40851.0,63,0.0,Bajo
2894,0.0,2013,72903.0,74,0.0,Bajo
7712,2.0,634,62159.0,68,0.0,Bajo
2225,0.0,1617,82582.0,54,0.01,Bajo
6466,1.0,121,57236.0,22,0.0,Bajo
5602,0.0,1282,66973.0,98,0.98,Alto
3865,3.0,73,20981.0,14,0.0,Bajo
2518,1.0,30,20491.0,16,0.0,Bajo
6173,2.0,969,77298.0,46,0.0,Bajo
5841,2.0,832,60894.0,61,0.01,Bajo
898,3.0,147,23477.0,39,0.0,Bajo
3867,2.0,1095,73059.0,36,0.0,Bajo
7613,3.0,326,49669.0,97,0.02,Bajo
8652,3.0,317,37760.0,20,0.0,Bajo
3798,3.0,81,41120.0,80,0.0,Bajo
9481,3.0,68,17148.0,80,0.0,Bajo
7426,1.0,198,54690.0,76,0.0,Bajo
10736,0.0,1525,72258.0,28,0.02,Bajo
2546,1.0,70,31878.0,7,0.0,Bajo
2004,0.0,1168,72679.0,65,0.0,Bajo
5011,2.0,928,68118.0,51,0.0,Bajo
3725,0.0,1688,84865.0,1,0.0,Bajo
11178,1.0,32,42394.0,69,0.0,Bajo
6798,3.0,433,37070.0,30,0.0,Bajo
9970,1.0,162,55375.0,3,0.0,Bajo
6184,0.0,1670,68462.0,6,0.0,Bajo
5048,3.0,131,42767.0,53,0.0,Bajo
2098,1.0,17,33581.0,38,0.0,Bajo
6906,0.0,1024,84953.0,73,0.03,Bajo
2246,1.0,183,46891.0,91,0.0,Bajo
8439,2.0,902,63404.0,97,0.91,Alto
1640,1.0,108,64587.0,49,0.0,Bajo
4128,2.0,725,56067.0,51,0.0,Bajo
8932,2.0,1531,65176.0,57,0.0,Bajo
8775,3.0,137,38361.0,74,0.0,Bajo
1453,2.0,1060,57513.0,59,0.0,Bajo
4971,3.0,155,31497.0,22,0.0,Bajo
8341,1.0,34,30396.0,22,0.0,Bajo
9246,3.0,415,40101.0,73,0.0,Bajo
7801,2.0,728,54753.0,87,0.99,Alto
1502,3.0,52,28427.0,67,0.0,Bajo
4390,2.0,841,75315.0,14,0.0,Bajo
3233,2.0,1117,62745.0,89,0.94,Alto
3850,1.0,43,14918.0,52,0.0,Bajo
453,1.0,45,35340.0,1,0.0,Bajo
2118,2.0,622,62905.0,68,0.0,Bajo
202,0.0,1234,82032.0,54,0.0,Bajo
5545,0.0,988,78075.0,72,0.01,Bajo
2797,2.0,1073,72117.0,34,0.01,Bajo
9360,3.0,316,37040.0,41,0.0,Bajo
10339,,207,,83,0.01,Bajo
7342,2.0,1072,59184.0,6,0.02,Bajo
5063,3.0,191,28769.0,76,0.0,Bajo
4954,3.0,265,48195.0,53,0.0,Bajo
4864,3.0,175,34380.0,68,0.0,Bajo
8286,1.0,122,51717.0,55,0.0,Bajo
4058,2.0,811,61284.0,76,0.03,Bajo
4654,0.0,1253,75114.0,40,0.01,Bajo
8643,0.0,1662,69930.0,21,0.01,Bajo
4756,0.0,1168,63998.0,42,0.01,Bajo
89,1.0,69,22212.0,49,0.0,Bajo
6141,3.0,385,49494.0,46,0.01,Bajo
5628,2.0,1665,61416.0,25,0.0,Bajo
3037,2.0,410,50150.0,32,0.01,Bajo
3870,0.0,1006,63855.0,28,0.0,Bajo
2634,1.0,69,16653.0,10,0.0,Bajo
8650,1.0,42,54162.0,31,0.0,Bajo
7232,1.0,67,42429.0,99,0.0,Bajo
692,1.0,16,36807.0,88,0.0,Bajo
8534,2.0,992,67433.0,51,0.0,Bajo
2147,0.0,2279,76653.0,91,0.95,Alto
6383,3.0,46,32892.0,78,0.0,Bajo
3136,2.0,663,59432.0,88,0.99,Alto
4767,0.0,1363,70924.0,41,0.0,Bajo
8800,0.0,902,48948.0,53,0.0,Bajo
7679,1.0,28,30298.0,48,0.0,Bajo
8278,2.0,1711,74214.0,3,0.01,Bajo
2230,3.0,43,23626.0,84,0.0,Bajo
1839,1.0,141,43322.0,25,0.0,Bajo
9736,3.0,96,41850.0,51,0.0,Bajo
5247,1.0,45,38725.0,52,0.0,Bajo
246,2.0,312,66480.0,71,0.0,Bajo
3074,0.0,1828,70643.0,66,0.0,Bajo
9503,3.0,313,28071.0,65,0.0,Bajo
6387,1.0,77,52190.0,39,0.01,Bajo
1340,0.0,1795,92910.0,42,0.0,Bajo
843,2.0,805,64722.0,47,0.01,Bajo
4637,0.0,1650,74637.0,73,0.0,Bajo
8560,2.0,680,48789.0,94,0.94,Alto
10648,0.0,1289,66664.0,78,0.0,Bajo
7079,2.0,1245,63887.0,38,0.0,Bajo
9256,2.0,1001,58350.0,5,0.0,Bajo
3406,2.0,322,45989.0,97,0.05,Bajo
2150,0.0,1482,80995.0,83,0.94,Alto
6658,2.0,1194,59868.0,37,0.0,Bajo
7005,0.0,813,58684.0,71,0.0,Bajo
1165,2.0,496,50729.0,62,0.0,Bajo
1008,2.0,1021,44953.0,31,0.0,Bajo
3220,3.0,156,39922.0,30,0.0,Bajo
3645,3.0,70,27213.0,19,0.0,Bajo
6720,2.0,492,43795.0,11,0.0,Bajo
9999,2.0,1040,75276.0,2,0.0,Bajo
1357,2.0,1562,74854.0,90,0.94,Alto
9242,0.0,1722,64509.0,19,0.0,Bajo
10146,1.0,42,38887.0,17,0.0,Bajo
8588,3.0,289,60544.0,92,0.04,Bajo
8216,2.0,325,53761.0,7,0.01,Bajo
10841,2.0,484,56559.0,46,0.0,Bajo
2008,0.0,1149,77583.0,93,1.0,Alto
3839,3.0,88,15056.0,76,0.0,Bajo
4440,2.0,546,64100.0,93,0.95,Alto
7004,3.0,84,11012.0,82,0.0,Bajo
10432,1.0,22,19346.0,26,0.0,Bajo
10623,1.0,32,48330.0,2,0.0,Bajo
3445,2.0,957,60714.0,56,0.0,Bajo
326,3.0,315,51148.0,38,0.0,Bajo
310,2.0,573,61872.0,81,0.0,Bajo
8233,2.0,556,64866.0,9,0.0,Bajo
9860,2.0,215,44911.0,11,0.0,Bajo
5846,1.0,13,40246.0,68,0.0,Bajo
8624,0.0,928,81320.0,61,0.0,Bajo
2681,0.0,461,65370.0,1,0.01,Bajo
1612,,47,,82,0.0,Bajo
10971,3.0,473,37774.0,28,0.0,Bajo
2106,1.0,34,20130.0,99,0.0,Bajo
6202,2.0,1005,63381.0,78,0.01,Bajo
1143,3.0,55,22063.0,43,0.0,Bajo
3717,2.0,704,61180.0,70,0.0,Bajo
11148,1.0,13,22280.0,85,0.0,Bajo
2882,2.0,995,67893.0,31,0.0,Bajo
9930,0.0,1167,82716.0,8,0.0,Bajo
9121,0.0,1690,80134.0,40,0.0,Bajo
3955,3.0,6,4861.0,20,0.0,Bajo
2926,2.0,1374,55951.0,62,0.0,Bajo
9316,1.0,29,13084.0,29,0.0,Bajo
6497,2.0,433,51651.0,32,0.01,Bajo
2134,2.0,694,53700.0,94,0.98,Alto
5084,2.0,1064,58330.0,87,1.0,Alto
255,1.0,21,22263.0,31,0.0,Bajo
7892,3.0,75,18589.0,89,0.0,Bajo
4937,1.0,44,46094.0,62,0.0,Bajo
8962,1.0,37,44319.0,18,0.0,Bajo
5294,3.0,57,18358.0,49,0.0,Bajo
4597,0.0,2018,82072.0,67,0.0,Bajo
6870,2.0,283,68805.0,73,0.0,Bajo
5837,2.0,494,51479.0,67,0.0,Bajo
6885,3.0,55,32952.0,36,0.0,Bajo
9153,2.0,1048,59304.0,81,0.02,Bajo
8029,0.0,1621,90247.0,27,0.0,Bajo
2296,1.0,30,37368.0,4,0.0,Bajo
11086,1.0,21,25707.0,18,0.0,Bajo
6568,3.0,79,38680.0,97,0.0,Bajo
6303,0.0,1497,91820.0,72,0.0,Bajo
4394,0.0,1501,81051.0,43,0.0,Bajo
1081,2.0,1019,75283.0,26,0.0,Bajo
9940,2.0,1009,64961.0,97,0.94,Alto
3896,1.0,37,27255.0,3,0.0,Bajo
9862,1.0,33,21918.0,37,0.0,Bajo
4475,0.0,2440,69098.0,82,0.0,Bajo
4127,2.0,1529,77766.0,97,0.97,Alto
6177,3.0,169,33454.0,32,0.0,Bajo
10846,3.0,629,43783.0,22,0.0,Bajo
4961,1.0,61,21255.0,56,0.0,Bajo
7055,2.0,1021,61010.0,57,0.0,Bajo
2918,1.0,91,28510.0,72,0.0,Bajo
5642,1.0,222,62499.0,0,0.0,Bajo
4741,1.0,562,65463.0,17,0.01,Bajo
2715,3.0,180,29435.0,11,0.0,Bajo
5441,2.0,388,54111.0,97,0.23,Bajo
7485,1.0,138,56551.0,48,0.0,Bajo
8462,3.0,80,24882.0,52,0.0,Bajo
10542,3.0,77,36778.0,63,0.0,Bajo
5062,3.0,39,54072.0,71,0.0,Bajo
1604,1.0,225,47353.0,93,0.01,Bajo
10925,0.0,1003,76630.0,93,0.96,Alto
5125,0.0,1348,79530.0,64,0.01,Bajo
4023,3.0,115,22979.0,29,0.0,Bajo
3641,3.0,36,13624.0,93,0.0,Bajo
642,3.0,103,16005.0,69,0.0,Bajo
5748,2.0,475,59754.0,96,0.94,Alto
1135,3.0,47,17144.0,96,0.0,Bajo
1777,3.0,74,25965.0,29,0.0,Bajo
9292,0.0,1382,81795.0,74,0.0,Bajo
4552,0.0,393,51373.0,37,0.0,Bajo
4548,1.0,54,41967.0,66,0.0,Bajo
2711,1.0,31,30560.0,6,0.0,Bajo
10242,1.0,75,47472.0,39,0.0,Bajo
6417,0.0,1564,80573.0,85,0.99,Alto
2407,0.0,1555,69109.0,10,0.0,Bajo
3698,0.0,2130,78687.0,13,0.02,Bajo
3921,3.0,205,28457.0,96,0.0,Bajo
4669,3.0,102,24480.0,46,0.0,Bajo
9485,1.0,199,45921.0,23,0.0,Bajo
1920,3.0,102,40321.0,59,0.0,Bajo
10509,3.0,71,36927.0,46,0.0,Bajo
1100,1.0,61,41275.0,33,0.0,Bajo
3628,3.0,80,15038.0,93,0.01,Bajo
3967,0.0,943,78931.0,19,0.0,Bajo
11114,3.0,84,19656.0,94,0.0,Bajo
4543,0.0,1919,82497.0,32,0.0,Bajo
2781,0.0,1792,72066.0,55,0.01,Bajo
3598,2.0,606,62710.0,53,0.0,Bajo
10598,3.0,37,27943.0,89,0.0,Bajo
4268,1.0,158,53154.0,50,0.0,Bajo
3011,2.0,227,69139.0,23,0.0,Bajo
10470,3.0,92,40662.0,0,0.0,Bajo
5231,1.0,51,45894.0,15,0.0,Bajo
5177,2.0,396,58494.0,56,0.01,Bajo
8557,,46,,57,0.0,Bajo
7129,2.0,929,54693.0,72,0.0,Bajo
5329,1.0,11,35946.0,24,0.0,Bajo
1577,0.0,1736,78569.0,14,0.0,Bajo
6355,1.0,45,44359.0,19,0.0,Bajo
9648,3.0,253,46904.0,20,0.0,Bajo
1515,1.0,28,34176.0,9,0.0,Bajo
6246,0.0,1507,73892.0,40,0.0,Bajo
1232,0.0,1244,70038.0,54,0.0,Bajo
9,3.0,120,46098.0,86,0.0,Bajo
3518,3.0,50,25271.0,45,0.0,Bajo
3321,2.0,542,56575.0,42,0.01,Bajo
7279,0.0,1044,69476.0,3,0.0,Bajo
10821,3.0,263,57113.0,45,0.01,Bajo
286,1.0,152,44213.0,48,0.0,Bajo
2591,2.0,932,76320.0,49,0.01,Bajo
2304,2.0,770,66313.0,86,0.99,Alto
800,1.0,32,44512.0,57,0.0,Bajo
2186,0.0,2257,82326.0,30,0.0,Bajo
9347,1.0,46,50943.0,49,0.0,Bajo
3507,0.0,1575,76467.0,44,0.0,Bajo
5150,3.0,47,20194.0,64,0.0,Bajo
6461,2.0,946,62772.0,74,0.0,Bajo
8275,1.0,20,47025.0,6,0.0,Bajo
1321,3.0,56,26067.0,49,0.0,Bajo
5429,2.0,183,45579.0,10,0.0,Bajo
4070,2.0,1078,94871.0,99,0.93,Alto
7275,1.0,131,33316.0,34,0.0,Bajo
9855,2.0,1020,62000.0,25,0.0,Bajo
2589,1.0,59,26759.0,65,0.0,Bajo
271,3.0,258,40590.0,30,0.0,Bajo
4188,2.0,354,36864.0,53,0.0,Bajo
2683,2.0,910,52413.0,56,0.0,Bajo
7270,0.0,1241,56981.0,91,0.97,Alto
1343,2.0,586,58554.0,55,0.0,Bajo
5204,0.0,1461,74538.0,21,0.0,Bajo
4368,3.0,134,47850.0,72,0.0,Bajo
1052,2.0,1001,56796.0,24,0.0,Bajo
8091,2.0,1106,63943.0,50,0.0,Bajo
4094,3.0,289,60544.0,92,0.04,Bajo
679,1.0,38,37633.0,49,0.0,Bajo
6263,1.0,106,35322.0,34,0.0,Bajo
5120,0.0,1289,66664.0,78,0.0,Bajo
6892,2.0,732,61671.0,23,0.0,Bajo
6281,2.0,982,55686.0,27,0.0,Bajo
1509,0.0,523,84460.0,80,0.02,Bajo
902,3.0,312,62994.0,74,0.0,Bajo
1245,2.0,1371,63810.0,45,0.0,Bajo
3152,1.0,89,26091.0,84,0.0,Bajo
8140,1.0,95,22682.0,51,0.0,Bajo
8334,1.0,131,33316.0,34,0.0,Bajo
11084,2.0,1053,65104.0,4,0.01,Bajo
3726,1.0,17,34320.0,66,0.0,Bajo
5342,1.0,29,9548.0,31,0.0,Bajo
5954,3.0,192,42618.0,92,0.0,Bajo
8254,1.0,23,34596.0,48,0.0,Bajo
10364,1.0,20,23295.0,72,0.0,Bajo
702,2.0,521,47682.0,80,0.01,Bajo
3265,1.0,46,35701.0,36,0.0,Bajo
850,2.0,757,70566.0,4,0.0,Bajo
626,1.0,43,32871.0,28,0.0,Bajo
221,2.0,242,48726.0,90,0.0,Bajo
550,2.0,708,62335.0,87,0.97,Alto
9499,2.0,1616,93404.0,97,0.93,Alto
2574,2.0,1230,61996.0,27,0.0,Bajo
8524,3.0,101,25509.0,15,0.0,Bajo
1419,1.0,76,34026.0,11,0.0,Bajo
4656,3.0,710,51250.0,28,0.0,Bajo
1927,2.0,690,69401.0,41,0.0,Bajo
1646,1.0,46,25224.0,36,0.0,Bajo
9185,0.0,1029,69759.0,38,0.02,Bajo
3158,1.0,39,32300.0,1,0.0,Bajo
10264,3.0,31,15287.0,60,0.0,Bajo
10473,2.0,528,78028.0,38,0.0,Bajo
1044,0.0,596,58398.0,44,0.0,Bajo
1773,3.0,57,12393.0,38,0.0,Bajo
4216,0.0,1474,91065.0,33,0.0,Bajo
3900,2.0,769,65685.0,54,0.0,Bajo
10708,1.0,33,36975.0,50,0.0,Bajo
5371,3.0,91,21474.0,0,0.0,Bajo
8953,1.0,35,35791.0,94,0.0,Bajo
1204,2.0,1829,67536.0,45,0.0,Bajo
1142,2.0,428,55707.0,91,0.92,Alto
946,3.0,210,26490.0,92,0.0,Bajo
2552,2.0,446,55521.0,11,0.0,Bajo
5234,1.0,81,30753.0,85,0.0,Bajo
5564,2.0,1338,62882.0,26,0.0,Bajo
2162,2.0,561,56939.0,19,0.0,Bajo
2181,0.0,1280,70617.0,45,0.0,Bajo
851,2.0,642,57136.0,48,0.0,Bajo
2202,1.0,69,41154.0,98,0.0,Bajo
6181,2.0,939,52203.0,36,0.0,Bajo
9495,0.0,1149,71853.0,29,0.0,Bajo
6810,0.0,1187,82025.0,76,0.0,Bajo
1379,2.0,241,42670.0,12,0.0,Bajo
891,1.0,11,29298.0,60,0.0,Bajo
10144,2.0,576,51369.0,84,0.95,Alto
10681,2.0,889,62466.0,13,0.0,Bajo
9323,2.0,874,49912.0,5,0.0,Bajo
2891,2.0,928,68118.0,51,0.0,Bajo
8720,,1679,,53,0.0,Bajo
1592,0.0,1724,90765.0,25,0.0,Bajo
4303,1.0,137,6835.0,76,0.0,Bajo
6218,2.0,499,59594.0,74,0.01,Bajo
1241,1.0,51,14796.0,1,0.0,Bajo
2516,1.0,78,46831.0,84,0.0,Bajo
3107,2.0,350,71322.0,31,0.0,Bajo
3182,3.0,263,46854.0,81,0.0,Bajo
4530,0.0,1930,78427.0,36,0.0,Bajo
610,3.0,480,53593.0,60,0.0,Bajo
10250,1.0,28,28389.0,49,0.0,Bajo
8977,1.0,24,16581.0,51,0.0,Bajo
3690,0.0,2091,80141.0,20,0.0,Bajo
1016,1.0,55,34554.0,43,0.0,Bajo
10163,0.0,1323,82733.0,28,0.0,Bajo
5718,0.0,1415,80763.0,17,0.0,Bajo
10560,1.0,20,36802.0,23,0.0,Bajo
5798,,985,,87,0.91,Alto
7002,2.0,398,62535.0,13,0.0,Bajo
2795,1.0,13,30523.0,0,0.0,Bajo
615,3.0,343,30507.0,29,0.0,Bajo
7962,0.0,1901,95169.0,1,0.0,Bajo
8931,0.0,1761,83033.0,82,0.0,Bajo
6566,2.0,1319,72550.0,39,0.0,Bajo
3829,1.0,29,24594.0,94,0.0,Bajo
1150,0.0,1853,83532.0,36,0.0,Bajo
10711,0.0,894,69755.0,23,0.0,Bajo
4673,2.0,1241,81300.0,17,0.0,Bajo
5802,1.0,75,14188.0,40,0.0,Bajo
11166,2.0,315,49678.0,81,0.0,Bajo
4261,0.0,1315,82800.0,23,0.01,Bajo
9850,1.0,19,24884.0,32,0.0,Bajo
6856,3.0,65,21645.0,75,0.0,Bajo
9925,3.0,216,39665.0,97,0.0,Bajo
10837,3.0,68,23957.0,47,0.0,Bajo
9952,0.0,1105,78093.0,53,0.0,Bajo
8702,1.0,22,26907.0,10,0.0,Bajo
17,2.0,1028,60491.0,81,0.0,Bajo
10749,3.0,178,8028.0,62,0.0,Bajo
1176,1.0,25,26228.0,50,0.0,Bajo
5654,1.0,61,36026.0,34,0.0,Bajo
6024,0.0,2302,94384.0,62,0.0,Bajo
10128,2.0,907,53977.0,21,0.0,Bajo
10673,0.0,1416,68397.0,6,0.01,Bajo
4122,0.0,895,79205.0,73,0.0,Bajo
5376,0.0,1730,2447.0,42,0.02,Bajo
3594,2.0,747,54108.0,74,0.02,Bajo
5336,0.0,59,157733.0,37,0.0,Bajo
13,1.0,32,25358.0,57,0.0,Bajo
2286,1.0,114,50785.0,27,0.01,Bajo
5252,3.0,67,23910.0,80,0.0,Bajo
4406,2.0,1471,67419.0,29,0.0,Bajo
2931,0.0,1192,71847.0,95,1.0,Alto
8663,1.0,15,39996.0,85,0.0,Bajo
9972,1.0,46,46015.0,25,0.0,Bajo
8832,3.0,123,37509.0,24,0.0,Bajo
146,0.0,1323,76045.0,78,0.0,Bajo
5959,3.0,199,35893.0,80,0.0,Bajo
10175,1.0,22,32173.0,0,0.0,Bajo
8581,2.0,751,49505.0,4,0.0,Bajo
10236,3.0,64,31160.0,59,0.0,Bajo
3428,0.0,1598,68682.0,56,0.0,Bajo
10001,3.0,100,7500.0,98,0.01,Bajo
7503,0.0,2209,75825.0,40,0.0,Bajo
9145,0.0,1478,72504.0,43,0.0,Bajo
6404,2.0,282,58917.0,10,0.0,Bajo
9529,0.0,1627,73687.0,8,0.0,Bajo
5636,3.0,167,30983.0,50,0.0,Bajo
9274,0.0,1213,80950.0,44,0.0,Bajo
2625,2.0,350,42607.0,30,0.0,Bajo
4351,3.0,55,37244.0,90,0.01,Bajo
1012,2.0,884,61823.0,26,0.0,Bajo
10905,3.0,252,42586.0,7,0.0,Bajo
7366,0.0,1438,75777.0,12,0.0,Bajo
195,3.0,246,38808.0,21,0.0,Bajo
5935,2.0,764,55284.0,60,0.0,Bajo
1388,3.0,112,33249.0,11,0.0,Bajo
8373,1.0,29,24594.0,94,0.0,Bajo
1010,1.0,78,46931.0,94,0.03,Bajo
4200,1.0,275,44159.0,85,0.03,Bajo
7791,1.0,25,37054.0,89,0.0,Bajo
4248,0.0,2008,98777.0,23,0.0,Bajo
3389,2.0,1533,69016.0,61,0.0,Bajo
10652,0.0,1169,65487.0,48,0.0,Bajo
4702,0.0,1895,61839.0,20,0.0,Bajo
9923,1.0,92,46423.0,6,0.0,Bajo
8985,2.0,1211,68316.0,54,0.0,Bajo
5827,3.0,62,35246.0,53,0.0,Bajo
10521,1.0,174,54809.0,0,0.0,Bajo
10955,0.0,1600,85620.0,68,0.0,Bajo
7250,3.0,612,57867.0,48,0.0,Bajo
868,1.0,65,44794.0,99,0.0,Bajo
968,3.0,187,41335.0,24,0.0,Bajo
2544,1.0,92,57530.0,68,0.0,Bajo
6299,2.0,813,42564.0,28,0.0,Bajo
2975,0.0,1956,85606.0,89,0.91,Alto
9672,1.0,65,23162.0,82,0.0,Bajo
2936,1.0,23,23661.0,46,0.0,Bajo
4148,3.0,348,38988.0,90,0.13,Bajo
4860,1.0,25,24206.0,66,0.0,Bajo
433,2.0,632,61331.0,42,0.0,Bajo
5830,0.0,2114,86857.0,96,0.9,Alto
3403,0.0,2092,78952.0,11,0.01,Bajo
4743,2.0,971,56242.0,72,0.0,Bajo
3759,2.0,1155,65196.0,34,0.0,Bajo
1745,0.0,1313,85696.0,88,0.98,Alto
10095,0.0,1293,74165.0,9,0.0,Bajo
5430,2.0,684,54450.0,0,0.01,Bajo
5896,0.0,397,73395.0,94,0.59,Medio
7683,2.0,787,70777.0,80,0.01,Bajo
6931,2.0,1062,76982.0,19,0.0,Bajo
3979,0.0,1779,90687.0,98,0.99,Alto
8477,1.0,28,26150.0,61,0.0,Bajo
2387,3.0,275,43776.0,9,0.0,Bajo
10141,1.0,20,39228.0,1,0.0,Bajo
5250,,1564,,75,0.0,Bajo
6421,0.0,2116,88347.0,32,0.02,Bajo
1225,0.0,1495,80124.0,47,0.0,Bajo
7118,2.0,1528,73803.0,61,0.0,Bajo
6422,0.0,1270,86718.0,20,0.0,Bajo
11013,0.0,938,67605.0,84,0.99,Alto
8181,3.0,177,38593.0,42,0.0,Bajo
3846,3.0,270,42557.0,98,0.09,Bajo
10619,0.0,1990,95529.0,29,0.01,Bajo
3075,0.0,382,59973.0,47,0.0,Bajo
10343,0.0,1345,61618.0,27,0.01,Bajo
1951,2.0,839,34445.0,92,0.84,Alto
9589,0.0,1234,82032.0,54,0.0,Bajo
8957,2.0,1120,64831.0,51,0.0,Bajo
1168,0.0,1401,72159.0,62,0.0,Bajo
2909,2.0,1264,78128.0,89,0.98,Alto
10702,3.0,450,52413.0,67,0.0,Bajo
8079,1.0,55,22448.0,86,0.0,Bajo
4990,2.0,869,59111.0,90,0.85,Alto
2066,3.0,114,38823.0,56,0.0,Bajo
2254,0.0,1455,69520.0,95,0.99,Alto
1859,0.0,1890,75251.0,34,0.0,Bajo
8175,1.0,137,34935.0,71,0.0,Bajo
4320,2.0,943,60152.0,6,0.0,Bajo
2375,1.0,22,30261.0,75,0.0,Bajo
10856,1.0,46,45889.0,42,0.0,Bajo
9426,2.0,900,58308.0,77,0.0,Bajo
6119,1.0,17,36736.0,52,0.0,Bajo
8605,1.0,68,46910.0,36,0.0,Bajo
641,2.0,119,52074.0,77,0.0,Bajo
8310,2.0,1459,68142.0,96,0.96,Alto
5036,3.0,406,42710.0,38,0.0,Bajo
1958,2.0,660,55012.0,85,0.99,Alto
6103,1.0,100,42192.0,40,0.0,Bajo
3006,1.0,43,30992.0,83,0.0,Bajo
8545,0.0,1789,85683.0,6,0.0,Bajo
8601,2.0,1395,80011.0,3,0.0,Bajo
6534,1.0,67,47889.0,94,0.01,Bajo
4088,3.0,155,31497.0,22,0.0,Bajo
9904,2.0,1043,71391.0,50,0.01,Bajo
2315,2.0,96,58401.0,55,0.0,Bajo
213,3.0,48,23091.0,98,0.02,Bajo
5278,0.0,902,82224.0,83,0.96,Alto
492,2.0,424,48432.0,3,0.0,Bajo
2730,0.0,1231,80317.0,64,0.0,Bajo
1072,1.0,93,40760.0,64,0.0,Bajo
8015,0.0,1313,85696.0,88,0.98,Alto
176,2.0,331,67506.0,73,0.0,Bajo
5527,3.0,58,22434.0,25,0.0,Bajo
10065,1.0,64,15315.0,27,0.0,Bajo
6940,2.0,223,46734.0,86,0.0,Bajo
10735,3.0,26,22804.0,75,0.0,Bajo
8370,2.0,1159,75484.0,50,0.0,Bajo
1619,0.0,1588,90369.0,2,0.0,Bajo
6343,0.0,1518,79823.0,6,0.0,Bajo
11101,2.0,836,89891.0,17,0.0,Bajo
5290,3.0,279,41551.0,51,0.0,Bajo
7373,2.0,302,46610.0,8,0.0,Bajo
48,2.0,184,55761.0,97,0.01,Bajo
3855,3.0,162,22419.0,74,0.0,Bajo
7300,2.0,535,69142.0,50,0.02,Bajo
9739,3.0,114,34377.0,55,0.0,Bajo
4047,2.0,544,65324.0,0,0.01,Bajo
9624,0.0,963,65488.0,46,0.0,Bajo
6055,0.0,1305,71626.0,94,0.98,Alto
880,3.0,96,22634.0,47,0.0,Bajo
3619,0.0,1152,87305.0,19,0.0,Bajo
2262,2.0,311,45143.0,74,0.0,Bajo
10240,2.0,1381,69372.0,10,0.0,Bajo
9081,1.0,25,20518.0,58,0.0,Bajo
5835,3.0,65,14849.0,39,0.0,Bajo
2875,0.0,906,67023.0,93,1.0,Alto
2156,3.0,41,22554.0,38,0.0,Bajo
1553,0.0,2283,82657.0,71,0.01,Bajo
5667,2.0,1701,60896.0,90,0.88,Alto
6382,1.0,54,48794.0,97,0.01,Bajo
10573,0.0,421,62551.0,27,0.0,Bajo
2861,1.0,23,24072.0,79,0.0,Bajo
1994,,19,,11,0.0,Bajo
10965,0.0,1722,76005.0,72,0.01,Bajo
5462,2.0,1174,67445.0,63,0.0,Bajo
606,1.0,15,25930.0,87,0.0,Bajo
5454,3.0,50,45057.0,80,0.0,Bajo
6652,0.0,1134,77343.0,28,0.0,Bajo
4501,0.0,1478,69882.0,94,0.97,Alto
3010,0.0,2069,88420.0,87,0.97,Alto
5209,2.0,638,50002.0,21,0.0,Bajo
9224,2.0,1139,55260.0,81,0.01,Bajo
2337,3.0,39,29819.0,77,0.0,Bajo
4211,3.0,57,20425.0,5,0.0,Bajo
8749,1.0,61,37235.0,68,0.0,Bajo
9386,2.0,320,50127.0,88,0.0,Bajo
6292,0.0,1822,82333.0,60,0.0,Bajo
5153,2.0,1529,77766.0,97,0.97,Alto
7798,2.0,429,46344.0,28,0.0,Bajo
8312,1.0,43,28249.0,80,0.0,Bajo
9986,3.0,54,19444.0,8,0.0,Bajo
9467,1.0,20,34738.0,51,0.0,Bajo
6818,2.0,369,44989.0,26,0.0,Bajo
9743,2.0,1910,76998.0,85,0.95,Alto
6518,2.0,606,67680.0,8,0.0,Bajo
5080,0.0,1258,70515.0,12,0.0,Bajo
2724,1.0,19,36143.0,33,0.0,Bajo
3478,2.0,736,60585.0,17,0.0,Bajo
7685,1.0,78,33039.0,4,0.0,Bajo
9723,2.0,1016,67716.0,8,0.0,Bajo
9949,2.0,877,59809.0,36,0.01,Bajo
10897,2.0,1174,67445.0,63,0.0,Bajo
10584,0.0,945,65665.0,77,0.01,Bajo
6969,3.0,233,50272.0,75,0.0,Bajo
4333,3.0,54,32144.0,76,0.0,Bajo
9826,0.0,2114,86857.0,96,0.9,Alto
5517,3.0,37,25293.0,51,0.0,Bajo
4943,0.0,1727,70503.0,73,0.01,Bajo
5538,0.0,1862,83829.0,78,0.01,Bajo
10350,1.0,38,54432.0,37,0.0,Bajo
4796,1.0,39,49638.0,71,0.0,Bajo
8746,0.0,1188,75433.0,28,0.0,Bajo
1,2.0,577,57091.0,0,0.0,Bajo
6384,2.0,1453,71022.0,30,0.01,Bajo
3732,2.0,860,52750.0,72,0.0,Bajo
11110,3.0,5,3502.0,56,0.0,Bajo
2532,0.0,1651,73454.0,95,0.87,Alto
736,3.0,52,28427.0,67,0.0,Bajo
2125,0.0,1102,63033.0,82,0.04,Bajo
10031,3.0,53,16927.0,50,0.0,Bajo
7789,0.0,1672,84618.0,96,0.98,Alto
9167,2.0,976,67131.0,72,0.01,Bajo
2736,2.0,849,73807.0,88,0.96,Alto
9931,3.0,9,4023.0,29,0.0,Bajo
6312,2.0,863,65031.0,29,0.0,Bajo
1829,2.0,1232,54959.0,55,0.01,Bajo
5626,1.0,463,61798.0,13,0.02,Bajo
2826,1.0,37,22574.0,28,0.0,Bajo
4136,3.0,119,7500.0,63,0.0,Bajo
1606,1.0,22,38590.0,65,0.0,Bajo
1087,3.0,173,22669.0,30,0.0,Bajo
4381,3.0,235,46463.0,56,0.0,Bajo
2607,2.0,630,40464.0,78,0.03,Bajo
3783,1.0,116,52854.0,43,0.01,Bajo
3283,2.0,909,70932.0,57,0.0,Bajo
1127,0.0,1958,85844.0,62,0.0,Bajo
5386,0.0,2302,94384.0,62,0.0,Bajo
5680,1.0,30,35684.0,66,0.0,Bajo
7422,3.0,369,46923.0,90,0.7,Medio
4138,0.0,899,76624.0,68,0.0,Bajo
2853,3.0,275,51766.0,74,0.01,Bajo
1079,2.0,1086,71969.0,59,0.0,Bajo
3231,1.0,30,37971.0,97,0.0,Bajo
6722,2.0,767,70421.0,98,0.97,Alto
9400,0.0,1383,85485.0,73,0.0,Bajo
9671,3.0,69,19514.0,47,0.0,Bajo
3934,2.0,608,61286.0,34,0.0,Bajo
10640,3.0,211,44392.0,71,0.0,Bajo
4095,3.0,467,37150.0,80,0.0,Bajo
2258,1.0,42,32880.0,76,0.0,Bajo
2557,1.0,29,29548.0,52,0.0,Bajo
2021,2.0,1388,61456.0,47,0.0,Bajo
6983,1.0,45,38054.0,24,0.0,Bajo
7514,3.0,177,54342.0,74,0.0,Bajo
3503,0.0,974,82460.0,78,0.0,Bajo
6049,0.0,1804,73450.0,85,0.97,Alto
4470,1.0,140,58646.0,3,0.0,Bajo
3665,3.0,54,25315.0,46,0.0,Bajo
5907,3.0,18,33444.0,24,0.0,Bajo
9336,2.0,636,62187.0,38,0.0,Bajo
3081,1.0,20,41014.0,65,0.0,Bajo
6376,3.0,545,57537.0,83,0.96,Alto
5788,3.0,209,46053.0,46,0.0,Bajo
10995,3.0,92,15716.0,8,0.0,Bajo
10785,1.0,41,44078.0,17,0.0,Bajo
2499,2.0,563,75342.0,38,0.0,Bajo
1880,1.0,93,53537.0,17,0.01,Bajo
6729,0.0,1538,68655.0,95,1.0,Alto
8299,1.0,71,33996.0,46,0.0,Bajo
3536,1.0,55,19740.0,65,0.0,Bajo
6320,0.0,1508,70893.0,42,0.0,Bajo
1020,0.0,1366,79593.0,70,0.0,Bajo
4832,3.0,101,27244.0,84,0.0,Bajo
2661,1.0,44,18701.0,95,0.0,Bajo
738,3.0,182,42395.0,35,0.0,Bajo
10536,3.0,46,32892.0,78,0.0,Bajo
1740,2.0,999,55956.0,22,0.0,Bajo
9204,2.0,1029,66731.0,33,0.0,Bajo
5079,,97,,82,0.01,Bajo
1570,2.0,1039,69702.0,8,0.0,Bajo
3916,3.0,890,49269.0,92,0.92,Alto
7574,1.0,41,27922.0,80,0.0,Bajo
10796,1.0,66,30477.0,16,0.0,Bajo
1064,1.0,42,42403.0,18,0.0,Bajo
9974,3.0,70,30631.0,75,0.0,Bajo
9653,3.0,68,35797.0,16,0.0,Bajo
3412,2.0,957,67381.0,67,0.0,Bajo
635,2.0,610,57183.0,51,0.0,Bajo
10037,0.0,1127,74293.0,66,0.0,Bajo
11030,1.0,16,33181.0,90,0.0,Bajo
78,3.0,37,25293.0,51,0.0,Bajo
5967,3.0,70,33402.0,60,0.0,Bajo
4865,2.0,400,53367.0,2,0.01,Bajo
9197,1.0,47,39722.0,92,0.0,Bajo
6340,1.0,26,29938.0,52,0.0,Bajo
1685,0.0,1482,62981.0,21,0.01,Bajo
10241,1.0,14,11448.0,16,0.0,Bajo
1448,1.0,51,33562.0,33,0.0,Bajo
1987,1.0,59,21063.0,34,0.0,Bajo
273,3.0,151,36138.0,48,0.0,Bajo
4856,0.0,1853,82347.0,38,0.01,Bajo
10795,1.0,48,37401.0,14,0.0,Bajo
7629,1.0,31,22108.0,46,0.0,Bajo
1139,0.0,1512,73356.0,56,0.0,Bajo
4692,3.0,71,7500.0,19,0.0,Bajo
5304,1.0,33,30899.0,35,0.0,Bajo
10176,2.0,416,57107.0,44,0.0,Bajo
4042,3.0,180,43300.0,87,0.0,Bajo
1497,2.0,407,47958.0,8,0.0,Bajo
10451,1.0,25,29672.0,6,0.0,Bajo
10741,2.0,319,47352.0,70,0.01,Bajo
6859,3.0,99,29236.0,30,0.0,Bajo
879,2.0,458,49681.0,66,0.0,Bajo
7037,1.0,401,37087.0,50,0.0,Bajo
10888,2.0,636,45938.0,46,0.01,Bajo
9703,3.0,184,38097.0,70,0.0,Bajo
10703,3.0,120,46098.0,86,0.0,Bajo
3068,1.0,43,18351.0,1,0.0,Bajo
359,2.0,504,48070.0,33,0.0,Bajo
849,2.0,660,56129.0,65,0.0,Bajo
3828,2.0,1327,71107.0,61,0.0,Bajo
3117,,450,,95,0.94,Alto
7851,0.0,926,70165.0,60,0.0,Bajo
1291,3.0,351,27683.0,90,0.06,Bajo
3885,1.0,63,33569.0,10,0.0,Bajo
4843,0.0,833,75127.0,92,0.96,Alto
1506,1.0,140,42160.0,26,0.0,Bajo
10913,3.0,27,31385.0,56,0.0,Bajo
1764,3.0,270,33955.0,92,0.02,Bajo
498,1.0,57,30015.0,28,0.0,Bajo
2115,1.0,66,50116.0,68,0.0,Bajo
4001,3.0,444,64014.0,56,0.0,Bajo
5939,3.0,122,38232.0,84,0.0,Bajo
9909,3.0,122,7500.0,24,0.0,Bajo
7284,1.0,20,48686.0,8,0.0,Bajo
2549,1.0,27,21840.0,80,0.0,Bajo
5299,2.0,1586,69084.0,43,0.02,Bajo
451,3.0,22,9255.0,91,0.0,Bajo
3852,2.0,964,74881.0,48,0.02,Bajo
4939,3.0,317,37760.0,20,0.0,Bajo
8104,3.0,278,53312.0,32,0.0,Bajo
115,2.0,393,43456.0,0,0.0,Bajo
1381,3.0,324,38513.0,20,0.0,Bajo
8786,2.0,450,62058.0,52,0.0,Bajo
6958,3.0,26,27889.0,42,0.0,Bajo
4790,0.0,868,79803.0,54,0.01,Bajo
2863,,1052,,67,0.01,Bajo
7725,0.0,641,76800.0,33,0.0,Bajo
1990,0.0,1797,63159.0,74,0.0,Bajo
2429,2.0,1338,72071.0,4,0.0,Bajo
3310,3.0,211,35688.0,94,0.02,Bajo
4706,1.0,40,34704.0,65,0.0,Bajo
5302,0.0,1428,78394.0,13,0.0,Bajo
8687,2.0,486,53172.0,54,0.0,Bajo
3697,1.0,134,39898.0,20,0.0,Bajo
5644,2.0,363,42213.0,96,0.07,Bajo
10686,1.0,21,34230.0,72,0.0,Bajo
9423,1.0,46,32765.0,49,0.0,Bajo
11096,1.0,232,57247.0,50,0.0,Bajo
10319,2.0,1286,66303.0,56,0.0,Bajo
6439,2.0,1102,61074.0,37,0.0,Bajo
